"week","state","state_name","disease","cases","incidence_per_capita","year","population","time","vaccine","year_since_vaccine","vaccine_era"
1,"TX","TEXAS","MEASLES",88,1.06,1952,9.02569611981258,1,0,0,"no"
2,"TX","TEXAS","MEASLES",120,1.44,1952,9.02569611981258,2,0,0,"no"
3,"TX","TEXAS","MEASLES",98,1.18,1952,9.02569611981258,3,0,0,"no"
4,"TX","TEXAS","MEASLES",149,1.79,1952,9.02569611981258,4,0,0,"no"
5,"TX","TEXAS","MEASLES",106,1.27,1952,9.02569611981258,5,0,0,"no"
6,"TX","TEXAS","MEASLES",171,2.06,1952,9.02569611981258,6,0,0,"no"
7,"TX","TEXAS","MEASLES",204,2.45,1952,9.02569611981258,7,0,0,"no"
8,"TX","TEXAS","MEASLES",1619,19.47,1952,9.02569611981258,8,0,0,"no"
10,"TX","TEXAS","MEASLES",381,4.58,1952,9.02569611981258,9,0,0,"no"
11,"TX","TEXAS","MEASLES",1757,21.13,1952,9.02569611981258,10,0,0,"no"
13,"TX","TEXAS","MEASLES",2248,27.04,1952,9.02569611981258,11,0,0,"no"
14,"TX","TEXAS","MEASLES",2651,31.88,1952,9.02569611981258,12,0,0,"no"
15,"TX","TEXAS","MEASLES",1300,15.64,1952,9.02569611981258,13,0,0,"no"
16,"TX","TEXAS","MEASLES",1527,18.37,1952,9.02569611981258,14,0,0,"no"
17,"TX","TEXAS","MEASLES",1588,19.1,1952,9.02569611981258,15,0,0,"no"
19,"TX","TEXAS","MEASLES",1604,19.29,1952,9.02569611981258,16,0,0,"no"
20,"TX","TEXAS","MEASLES",1777,21.37,1952,9.02569611981258,17,0,0,"no"
21,"TX","TEXAS","MEASLES",1102,13.25,1952,9.02569611981258,18,0,0,"no"
22,"TX","TEXAS","MEASLES",885,10.64,1952,9.02569611981258,19,0,0,"no"
24,"TX","TEXAS","MEASLES",616,7.41,1952,9.02569611981258,20,0,0,"no"
25,"TX","TEXAS","MEASLES",437,5.26,1952,9.02569611981258,21,0,0,"no"
26,"TX","TEXAS","MEASLES",539,6.48,1952,9.02569611981258,22,0,0,"no"
27,"TX","TEXAS","MEASLES",172,2.07,1952,9.02569611981258,23,0,0,"no"
28,"TX","TEXAS","MEASLES",262,3.15,1952,9.02569611981258,24,0,0,"no"
29,"TX","TEXAS","MEASLES",196,2.35,1952,9.02569611981258,25,0,0,"no"
30,"TX","TEXAS","MEASLES",142,1.7,1952,9.02569611981258,26,0,0,"no"
31,"TX","TEXAS","MEASLES",138,1.66,1952,9.02569611981258,27,0,0,"no"
32,"TX","TEXAS","MEASLES",92,1.11,1952,9.02569611981258,28,0,0,"no"
33,"TX","TEXAS","MEASLES",96,1.15,1952,9.02569611981258,29,0,0,"no"
34,"TX","TEXAS","MEASLES",74,0.89,1952,9.02569611981258,30,0,0,"no"
35,"TX","TEXAS","MEASLES",61,0.73,1952,9.02569611981258,31,0,0,"no"
36,"TX","TEXAS","MEASLES",72,0.86,1952,9.02569611981258,32,0,0,"no"
37,"TX","TEXAS","MEASLES",53,0.63,1952,9.02569611981258,33,0,0,"no"
38,"TX","TEXAS","MEASLES",68,0.82,1952,9.02569611981258,34,0,0,"no"
39,"TX","TEXAS","MEASLES",41,0.49,1952,9.02569611981258,35,0,0,"no"
40,"TX","TEXAS","MEASLES",56,0.67,1952,9.02569611981258,36,0,0,"no"
41,"TX","TEXAS","MEASLES",31,0.37,1952,9.02569611981258,37,0,0,"no"
42,"TX","TEXAS","MEASLES",81,0.97,1952,9.02569611981258,38,0,0,"no"
43,"TX","TEXAS","MEASLES",43,0.51,1952,9.02569611981258,39,0,0,"no"
44,"TX","TEXAS","MEASLES",47,0.57,1952,9.02569611981258,40,0,0,"no"
45,"TX","TEXAS","MEASLES",76,0.91,1952,9.02569611981258,41,0,0,"no"
46,"TX","TEXAS","MEASLES",121,1.46,1952,9.02569611981258,42,0,0,"no"
47,"TX","TEXAS","MEASLES",91,1.09,1952,9.02569611981258,43,0,0,"no"
48,"TX","TEXAS","MEASLES",101,1.21,1952,9.02569611981258,44,0,0,"no"
49,"TX","TEXAS","MEASLES",87,1.04,1952,9.02569611981258,45,0,0,"no"
50,"TX","TEXAS","MEASLES",176,2.11,1952,9.02569611981258,46,0,0,"no"
51,"TX","TEXAS","MEASLES",83,0.99,1952,9.02569611981258,47,0,0,"no"
52,"TX","TEXAS","MEASLES",133,1.59,1952,9.02569611981258,48,0,0,"no"
1,"TX","TEXAS","MEASLES",27,0.32,1953,9.02833876399315,49,0,0,"no"
2,"TX","TEXAS","MEASLES",353,4.23,1953,9.02833876399315,50,0,0,"no"
3,"TX","TEXAS","MEASLES",755,9.06,1953,9.02833876399315,51,0,0,"no"
4,"TX","TEXAS","MEASLES",846,10.15,1953,9.02833876399315,52,0,0,"no"
5,"TX","TEXAS","MEASLES",955,11.46,1953,9.02833876399315,53,0,0,"no"
6,"TX","TEXAS","MEASLES",1082,12.98,1953,9.02833876399315,54,0,0,"no"
7,"TX","TEXAS","MEASLES",1421,17.05,1953,9.02833876399315,55,0,0,"no"
8,"TX","TEXAS","MEASLES",2198,26.37,1953,9.02833876399315,56,0,0,"no"
9,"TX","TEXAS","MEASLES",2180,26.15,1953,9.02833876399315,57,0,0,"no"
10,"TX","TEXAS","MEASLES",2786,33.42,1953,9.02833876399315,58,0,0,"no"
12,"TX","TEXAS","MEASLES",3569,42.81,1953,9.02833876399315,59,0,0,"no"
13,"TX","TEXAS","MEASLES",4749,56.97,1953,9.02833876399315,60,0,0,"no"
14,"TX","TEXAS","MEASLES",5374,64.47,1953,9.02833876399315,61,0,0,"no"
15,"TX","TEXAS","MEASLES",4262,51.13,1953,9.02833876399315,62,0,0,"no"
16,"TX","TEXAS","MEASLES",5178,62.12,1953,9.02833876399315,63,0,0,"no"
17,"TX","TEXAS","MEASLES",4436,53.21,1953,9.02833876399315,64,0,0,"no"
18,"TX","TEXAS","MEASLES",4863,58.34,1953,9.02833876399315,65,0,0,"no"
19,"TX","TEXAS","MEASLES",3848,46.16,1953,9.02833876399315,66,0,0,"no"
20,"TX","TEXAS","MEASLES",3791,45.48,1953,9.02833876399315,67,0,0,"no"
21,"TX","TEXAS","MEASLES",3880,46.55,1953,9.02833876399315,68,0,0,"no"
22,"TX","TEXAS","MEASLES",4077,48.91,1953,9.02833876399315,69,0,0,"no"
23,"TX","TEXAS","MEASLES",2378,28.53,1953,9.02833876399315,70,0,0,"no"
24,"TX","TEXAS","MEASLES",2067,24.8,1953,9.02833876399315,71,0,0,"no"
25,"TX","TEXAS","MEASLES",1527,18.32,1953,9.02833876399315,72,0,0,"no"
26,"TX","TEXAS","MEASLES",917,11,1953,9.02833876399315,73,0,0,"no"
27,"TX","TEXAS","MEASLES",893,10.71,1953,9.02833876399315,74,0,0,"no"
28,"TX","TEXAS","MEASLES",478,5.73,1953,9.02833876399315,75,0,0,"no"
29,"TX","TEXAS","MEASLES",461,5.53,1953,9.02833876399315,76,0,0,"no"
30,"TX","TEXAS","MEASLES",418,5.01,1953,9.02833876399315,77,0,0,"no"
31,"TX","TEXAS","MEASLES",237,2.84,1953,9.02833876399315,78,0,0,"no"
32,"TX","TEXAS","MEASLES",847,10.16,1953,9.02833876399315,79,0,0,"no"
33,"TX","TEXAS","MEASLES",160,1.92,1953,9.02833876399315,80,0,0,"no"
34,"TX","TEXAS","MEASLES",141,1.69,1953,9.02833876399315,81,0,0,"no"
35,"TX","TEXAS","MEASLES",139,1.67,1953,9.02833876399315,82,0,0,"no"
36,"TX","TEXAS","MEASLES",100,1.2,1953,9.02833876399315,83,0,0,"no"
37,"TX","TEXAS","MEASLES",208,2.5,1953,9.02833876399315,84,0,0,"no"
38,"TX","TEXAS","MEASLES",55,0.66,1953,9.02833876399315,85,0,0,"no"
39,"TX","TEXAS","MEASLES",133,1.6,1953,9.02833876399315,86,0,0,"no"
40,"TX","TEXAS","MEASLES",115,1.38,1953,9.02833876399315,87,0,0,"no"
41,"TX","TEXAS","MEASLES",72,0.86,1953,9.02833876399315,88,0,0,"no"
42,"TX","TEXAS","MEASLES",145,1.74,1953,9.02833876399315,89,0,0,"no"
43,"TX","TEXAS","MEASLES",155,1.86,1953,9.02833876399315,90,0,0,"no"
44,"TX","TEXAS","MEASLES",116,1.39,1953,9.02833876399315,91,0,0,"no"
45,"TX","TEXAS","MEASLES",123,1.48,1953,9.02833876399315,92,0,0,"no"
46,"TX","TEXAS","MEASLES",248,2.98,1953,9.02833876399315,93,0,0,"no"
48,"TX","TEXAS","MEASLES",297,3.56,1953,9.02833876399315,94,0,0,"no"
49,"TX","TEXAS","MEASLES",326,3.91,1953,9.02833876399315,95,0,0,"no"
50,"TX","TEXAS","MEASLES",454,5.45,1953,9.02833876399315,96,0,0,"no"
1,"TX","TEXAS","MEASLES",579,6.91,1954,9.03384182848502,97,0,0,"no"
2,"TX","TEXAS","MEASLES",606,7.23,1954,9.03384182848502,98,0,0,"no"
3,"TX","TEXAS","MEASLES",677,8.08,1954,9.03384182848502,99,0,0,"no"
4,"TX","TEXAS","MEASLES",872,10.4,1954,9.03384182848502,100,0,0,"no"
6,"TX","TEXAS","MEASLES",1412,16.85,1954,9.03384182848502,101,0,0,"no"
7,"TX","TEXAS","MEASLES",1717,20.48,1954,9.03384182848502,102,0,0,"no"
8,"TX","TEXAS","MEASLES",2084,24.86,1954,9.03384182848502,103,0,0,"no"
9,"TX","TEXAS","MEASLES",2886,34.43,1954,9.03384182848502,104,0,0,"no"
10,"TX","TEXAS","MEASLES",3503,41.79,1954,9.03384182848502,105,0,0,"no"
11,"TX","TEXAS","MEASLES",3485,41.58,1954,9.03384182848502,106,0,0,"no"
12,"TX","TEXAS","MEASLES",5322,63.49,1954,9.03384182848502,107,0,0,"no"
13,"TX","TEXAS","MEASLES",4782,57.05,1954,9.03384182848502,108,0,0,"no"
14,"TX","TEXAS","MEASLES",5826,69.51,1954,9.03384182848502,109,0,0,"no"
15,"TX","TEXAS","MEASLES",4771,56.92,1954,9.03384182848502,110,0,0,"no"
16,"TX","TEXAS","MEASLES",4332,51.68,1954,9.03384182848502,111,0,0,"no"
17,"TX","TEXAS","MEASLES",4561,54.41,1954,9.03384182848502,112,0,0,"no"
18,"TX","TEXAS","MEASLES",3530,42.11,1954,9.03384182848502,113,0,0,"no"
19,"TX","TEXAS","MEASLES",3761,44.87,1954,9.03384182848502,114,0,0,"no"
20,"TX","TEXAS","MEASLES",3304,39.42,1954,9.03384182848502,115,0,0,"no"
21,"TX","TEXAS","MEASLES",3431,40.93,1954,9.03384182848502,116,0,0,"no"
22,"TX","TEXAS","MEASLES",2913,34.75,1954,9.03384182848502,117,0,0,"no"
23,"TX","TEXAS","MEASLES",2221,26.5,1954,9.03384182848502,118,0,0,"no"
24,"TX","TEXAS","MEASLES",1637,19.53,1954,9.03384182848502,119,0,0,"no"
25,"TX","TEXAS","MEASLES",1186,14.15,1954,9.03384182848502,120,0,0,"no"
26,"TX","TEXAS","MEASLES",944,11.26,1954,9.03384182848502,121,0,0,"no"
27,"TX","TEXAS","MEASLES",696,8.3,1954,9.03384182848502,122,0,0,"no"
28,"TX","TEXAS","MEASLES",386,4.61,1954,9.03384182848502,123,0,0,"no"
29,"TX","TEXAS","MEASLES",447,5.33,1954,9.03384182848502,124,0,0,"no"
30,"TX","TEXAS","MEASLES",313,3.73,1954,9.03384182848502,125,0,0,"no"
31,"TX","TEXAS","MEASLES",248,2.96,1954,9.03384182848502,126,0,0,"no"
32,"TX","TEXAS","MEASLES",191,2.28,1954,9.03384182848502,127,0,0,"no"
33,"TX","TEXAS","MEASLES",219,2.61,1954,9.03384182848502,128,0,0,"no"
34,"TX","TEXAS","MEASLES",163,1.94,1954,9.03384182848502,129,0,0,"no"
35,"TX","TEXAS","MEASLES",155,1.85,1954,9.03384182848502,130,0,0,"no"
36,"TX","TEXAS","MEASLES",118,1.41,1954,9.03384182848502,131,0,0,"no"
37,"TX","TEXAS","MEASLES",114,1.36,1954,9.03384182848502,132,0,0,"no"
38,"TX","TEXAS","MEASLES",137,1.63,1954,9.03384182848502,133,0,0,"no"
39,"TX","TEXAS","MEASLES",141,1.68,1954,9.03384182848502,134,0,0,"no"
40,"TX","TEXAS","MEASLES",125,1.49,1954,9.03384182848502,135,0,0,"no"
41,"TX","TEXAS","MEASLES",118,1.41,1954,9.03384182848502,136,0,0,"no"
42,"TX","TEXAS","MEASLES",154,1.84,1954,9.03384182848502,137,0,0,"no"
43,"TX","TEXAS","MEASLES",120,1.43,1954,9.03384182848502,138,0,0,"no"
44,"TX","TEXAS","MEASLES",118,1.41,1954,9.03384182848502,139,0,0,"no"
45,"TX","TEXAS","MEASLES",168,2,1954,9.03384182848502,140,0,0,"no"
46,"TX","TEXAS","MEASLES",209,2.49,1954,9.03384182848502,141,0,0,"no"
47,"TX","TEXAS","MEASLES",165,1.97,1954,9.03384182848502,142,0,0,"no"
48,"TX","TEXAS","MEASLES",179,2.14,1954,9.03384182848502,143,0,0,"no"
49,"TX","TEXAS","MEASLES",276,3.29,1954,9.03384182848502,144,0,0,"no"
50,"TX","TEXAS","MEASLES",433,5.17,1954,9.03384182848502,145,0,0,"no"
51,"TX","TEXAS","MEASLES",218,2.6,1954,9.03384182848502,146,0,0,"no"
1,"TX","TEXAS","MEASLES",685,7.91,1955,9.06647000155648,147,0,0,"no"
2,"TX","TEXAS","MEASLES",742,8.57,1955,9.06647000155648,148,0,0,"no"
3,"TX","TEXAS","MEASLES",898,10.37,1955,9.06647000155648,149,0,0,"no"
4,"TX","TEXAS","MEASLES",810,9.35,1955,9.06647000155648,150,0,0,"no"
5,"TX","TEXAS","MEASLES",1022,11.8,1955,9.06647000155648,151,0,0,"no"
6,"TX","TEXAS","MEASLES",1295,14.95,1955,9.06647000155648,152,0,0,"no"
8,"TX","TEXAS","MEASLES",1633,18.86,1955,9.06647000155648,153,0,0,"no"
9,"TX","TEXAS","MEASLES",1701,19.64,1955,9.06647000155648,154,0,0,"no"
10,"TX","TEXAS","MEASLES",1697,19.6,1955,9.06647000155648,155,0,0,"no"
11,"TX","TEXAS","MEASLES",2130,24.6,1955,9.06647000155648,156,0,0,"no"
12,"TX","TEXAS","MEASLES",1789,20.66,1955,9.06647000155648,157,0,0,"no"
13,"TX","TEXAS","MEASLES",1701,19.64,1955,9.06647000155648,158,0,0,"no"
14,"TX","TEXAS","MEASLES",2902,33.51,1955,9.06647000155648,159,0,0,"no"
15,"TX","TEXAS","MEASLES",1958,22.61,1955,9.06647000155648,160,0,0,"no"
16,"TX","TEXAS","MEASLES",1907,22.02,1955,9.06647000155648,161,0,0,"no"
17,"TX","TEXAS","MEASLES",1986,22.93,1955,9.06647000155648,162,0,0,"no"
18,"TX","TEXAS","MEASLES",2159,24.93,1955,9.06647000155648,163,0,0,"no"
19,"TX","TEXAS","MEASLES",1765,20.38,1955,9.06647000155648,164,0,0,"no"
20,"TX","TEXAS","MEASLES",1532,17.69,1955,9.06647000155648,165,0,0,"no"
21,"TX","TEXAS","MEASLES",1194,13.79,1955,9.06647000155648,166,0,0,"no"
22,"TX","TEXAS","MEASLES",1051,12.14,1955,9.06647000155648,167,0,0,"no"
23,"TX","TEXAS","MEASLES",985,11.37,1955,9.06647000155648,168,0,0,"no"
24,"TX","TEXAS","MEASLES",735,8.49,1955,9.06647000155648,169,0,0,"no"
25,"TX","TEXAS","MEASLES",616,7.11,1955,9.06647000155648,170,0,0,"no"
26,"TX","TEXAS","MEASLES",521,6.02,1955,9.06647000155648,171,0,0,"no"
27,"TX","TEXAS","MEASLES",434,5.01,1955,9.06647000155648,172,0,0,"no"
28,"TX","TEXAS","MEASLES",301,3.48,1955,9.06647000155648,173,0,0,"no"
29,"TX","TEXAS","MEASLES",257,2.97,1955,9.06647000155648,174,0,0,"no"
30,"TX","TEXAS","MEASLES",176,2.03,1955,9.06647000155648,175,0,0,"no"
31,"TX","TEXAS","MEASLES",162,1.87,1955,9.06647000155648,176,0,0,"no"
32,"TX","TEXAS","MEASLES",173,2,1955,9.06647000155648,177,0,0,"no"
33,"TX","TEXAS","MEASLES",143,1.65,1955,9.06647000155648,178,0,0,"no"
34,"TX","TEXAS","MEASLES",73,0.84,1955,9.06647000155648,179,0,0,"no"
36,"TX","TEXAS","MEASLES",77,0.89,1955,9.06647000155648,180,0,0,"no"
37,"TX","TEXAS","MEASLES",62,0.72,1955,9.06647000155648,181,0,0,"no"
38,"TX","TEXAS","MEASLES",72,0.83,1955,9.06647000155648,182,0,0,"no"
39,"TX","TEXAS","MEASLES",113,1.3,1955,9.06647000155648,183,0,0,"no"
40,"TX","TEXAS","MEASLES",96,1.11,1955,9.06647000155648,184,0,0,"no"
41,"TX","TEXAS","MEASLES",114,1.32,1955,9.06647000155648,185,0,0,"no"
42,"TX","TEXAS","MEASLES",101,1.17,1955,9.06647000155648,186,0,0,"no"
43,"TX","TEXAS","MEASLES",77,0.89,1955,9.06647000155648,187,0,0,"no"
44,"TX","TEXAS","MEASLES",85,0.98,1955,9.06647000155648,188,0,0,"no"
45,"TX","TEXAS","MEASLES",65,0.75,1955,9.06647000155648,189,0,0,"no"
46,"TX","TEXAS","MEASLES",111,1.28,1955,9.06647000155648,190,0,0,"no"
47,"TX","TEXAS","MEASLES",158,1.82,1955,9.06647000155648,191,0,0,"no"
48,"TX","TEXAS","MEASLES",171,1.97,1955,9.06647000155648,192,0,0,"no"
49,"TX","TEXAS","MEASLES",322,3.72,1955,9.06647000155648,193,0,0,"no"
51,"TX","TEXAS","MEASLES",258,2.98,1955,9.06647000155648,194,0,0,"no"
52,"TX","TEXAS","MEASLES",451,5.21,1955,9.06647000155648,195,0,0,"no"
1,"TX","TEXAS","MEASLES",422,4.78,1956,9.08591029359801,196,0,0,"no"
2,"TX","TEXAS","MEASLES",491,5.56,1956,9.08591029359801,197,0,0,"no"
3,"TX","TEXAS","MEASLES",643,7.28,1956,9.08591029359801,198,0,0,"no"
4,"TX","TEXAS","MEASLES",937,10.61,1956,9.08591029359801,199,0,0,"no"
5,"TX","TEXAS","MEASLES",1461,16.55,1956,9.08591029359801,200,0,0,"no"
6,"TX","TEXAS","MEASLES",1559,17.66,1956,9.08591029359801,201,0,0,"no"
7,"TX","TEXAS","MEASLES",2540,28.77,1956,9.08591029359801,202,0,0,"no"
8,"TX","TEXAS","MEASLES",2166,24.53,1956,9.08591029359801,203,0,0,"no"
9,"TX","TEXAS","MEASLES",2266,25.66,1956,9.08591029359801,204,0,0,"no"
10,"TX","TEXAS","MEASLES",2702,30.6,1956,9.08591029359801,205,0,0,"no"
11,"TX","TEXAS","MEASLES",2396,27.13,1956,9.08591029359801,206,0,0,"no"
12,"TX","TEXAS","MEASLES",2978,33.73,1956,9.08591029359801,207,0,0,"no"
13,"TX","TEXAS","MEASLES",3739,42.34,1956,9.08591029359801,208,0,0,"no"
14,"TX","TEXAS","MEASLES",3774,42.74,1956,9.08591029359801,209,0,0,"no"
15,"TX","TEXAS","MEASLES",4098,46.41,1956,9.08591029359801,210,0,0,"no"
16,"TX","TEXAS","MEASLES",3822,43.28,1956,9.08591029359801,211,0,0,"no"
17,"TX","TEXAS","MEASLES",3798,43.01,1956,9.08591029359801,212,0,0,"no"
18,"TX","TEXAS","MEASLES",4321,48.94,1956,9.08591029359801,213,0,0,"no"
19,"TX","TEXAS","MEASLES",4274,48.4,1956,9.08591029359801,214,0,0,"no"
20,"TX","TEXAS","MEASLES",3402,38.53,1956,9.08591029359801,215,0,0,"no"
21,"TX","TEXAS","MEASLES",2458,27.84,1956,9.08591029359801,216,0,0,"no"
22,"TX","TEXAS","MEASLES",2309,26.15,1956,9.08591029359801,217,0,0,"no"
23,"TX","TEXAS","MEASLES",1668,18.89,1956,9.08591029359801,218,0,0,"no"
24,"TX","TEXAS","MEASLES",1188,13.45,1956,9.08591029359801,219,0,0,"no"
25,"TX","TEXAS","MEASLES",1206,13.66,1956,9.08591029359801,220,0,0,"no"
26,"TX","TEXAS","MEASLES",691,7.83,1956,9.08591029359801,221,0,0,"no"
27,"TX","TEXAS","MEASLES",520,5.89,1956,9.08591029359801,222,0,0,"no"
28,"TX","TEXAS","MEASLES",443,5.02,1956,9.08591029359801,223,0,0,"no"
29,"TX","TEXAS","MEASLES",305,3.45,1956,9.08591029359801,224,0,0,"no"
30,"TX","TEXAS","MEASLES",264,2.99,1956,9.08591029359801,225,0,0,"no"
31,"TX","TEXAS","MEASLES",197,2.23,1956,9.08591029359801,226,0,0,"no"
32,"TX","TEXAS","MEASLES",155,1.76,1956,9.08591029359801,227,0,0,"no"
33,"TX","TEXAS","MEASLES",161,1.82,1956,9.08591029359801,228,0,0,"no"
34,"TX","TEXAS","MEASLES",106,1.2,1956,9.08591029359801,229,0,0,"no"
35,"TX","TEXAS","MEASLES",118,1.34,1956,9.08591029359801,230,0,0,"no"
36,"TX","TEXAS","MEASLES",106,1.2,1956,9.08591029359801,231,0,0,"no"
37,"TX","TEXAS","MEASLES",153,1.73,1956,9.08591029359801,232,0,0,"no"
38,"TX","TEXAS","MEASLES",95,1.08,1956,9.08591029359801,233,0,0,"no"
39,"TX","TEXAS","MEASLES",74,0.84,1956,9.08591029359801,234,0,0,"no"
40,"TX","TEXAS","MEASLES",87,0.99,1956,9.08591029359801,235,0,0,"no"
41,"TX","TEXAS","MEASLES",82,0.93,1956,9.08591029359801,236,0,0,"no"
42,"TX","TEXAS","MEASLES",63,0.71,1956,9.08591029359801,237,0,0,"no"
43,"TX","TEXAS","MEASLES",118,1.34,1956,9.08591029359801,238,0,0,"no"
44,"TX","TEXAS","MEASLES",170,1.93,1956,9.08591029359801,239,0,0,"no"
45,"TX","TEXAS","MEASLES",120,1.36,1956,9.08591029359801,240,0,0,"no"
46,"TX","TEXAS","MEASLES",224,2.54,1956,9.08591029359801,241,0,0,"no"
47,"TX","TEXAS","MEASLES",191,2.16,1956,9.08591029359801,242,0,0,"no"
48,"TX","TEXAS","MEASLES",202,2.29,1956,9.08591029359801,243,0,0,"no"
49,"TX","TEXAS","MEASLES",233,2.64,1956,9.08591029359801,244,0,0,"no"
50,"TX","TEXAS","MEASLES",367,4.16,1956,9.08591029359801,245,0,0,"no"
51,"TX","TEXAS","MEASLES",429,4.86,1956,9.08591029359801,246,0,0,"no"
52,"TX","TEXAS","MEASLES",393,4.45,1956,9.08591029359801,247,0,0,"no"
1,"TX","TEXAS","MEASLES",782,8.62,1957,9.11272754310918,248,0,0,"no"
2,"TX","TEXAS","MEASLES",916,10.1,1957,9.11272754310918,249,0,0,"no"
3,"TX","TEXAS","MEASLES",1066,11.75,1957,9.11272754310918,250,0,0,"no"
4,"TX","TEXAS","MEASLES",1104,12.17,1957,9.11272754310918,251,0,0,"no"
5,"TX","TEXAS","MEASLES",1638,18.06,1957,9.11272754310918,252,0,0,"no"
6,"TX","TEXAS","MEASLES",1762,19.43,1957,9.11272754310918,253,0,0,"no"
7,"TX","TEXAS","MEASLES",1580,17.42,1957,9.11272754310918,254,0,0,"no"
8,"TX","TEXAS","MEASLES",1878,20.71,1957,9.11272754310918,255,0,0,"no"
9,"TX","TEXAS","MEASLES",2005,22.11,1957,9.11272754310918,256,0,0,"no"
10,"TX","TEXAS","MEASLES",2125,23.43,1957,9.11272754310918,257,0,0,"no"
11,"TX","TEXAS","MEASLES",2165,23.87,1957,9.11272754310918,258,0,0,"no"
12,"TX","TEXAS","MEASLES",2140,23.59,1957,9.11272754310918,259,0,0,"no"
13,"TX","TEXAS","MEASLES",2262,24.94,1957,9.11272754310918,260,0,0,"no"
14,"TX","TEXAS","MEASLES",2111,23.27,1957,9.11272754310918,261,0,0,"no"
15,"TX","TEXAS","MEASLES",2257,24.88,1957,9.11272754310918,262,0,0,"no"
16,"TX","TEXAS","MEASLES",1762,19.43,1957,9.11272754310918,263,0,0,"no"
17,"TX","TEXAS","MEASLES",1751,19.31,1957,9.11272754310918,264,0,0,"no"
18,"TX","TEXAS","MEASLES",1588,17.51,1957,9.11272754310918,265,0,0,"no"
20,"TX","TEXAS","MEASLES",1898,20.93,1957,9.11272754310918,266,0,0,"no"
21,"TX","TEXAS","MEASLES",1506,16.6,1957,9.11272754310918,267,0,0,"no"
22,"TX","TEXAS","MEASLES",1507,16.62,1957,9.11272754310918,268,0,0,"no"
23,"TX","TEXAS","MEASLES",1117,12.32,1957,9.11272754310918,269,0,0,"no"
24,"TX","TEXAS","MEASLES",650,7.17,1957,9.11272754310918,270,0,0,"no"
25,"TX","TEXAS","MEASLES",678,7.48,1957,9.11272754310918,271,0,0,"no"
26,"TX","TEXAS","MEASLES",486,5.36,1957,9.11272754310918,272,0,0,"no"
27,"TX","TEXAS","MEASLES",368,4.06,1957,9.11272754310918,273,0,0,"no"
28,"TX","TEXAS","MEASLES",402,4.43,1957,9.11272754310918,274,0,0,"no"
29,"TX","TEXAS","MEASLES",260,2.87,1957,9.11272754310918,275,0,0,"no"
30,"TX","TEXAS","MEASLES",268,2.95,1957,9.11272754310918,276,0,0,"no"
31,"TX","TEXAS","MEASLES",210,2.32,1957,9.11272754310918,277,0,0,"no"
32,"TX","TEXAS","MEASLES",226,2.49,1957,9.11272754310918,278,0,0,"no"
33,"TX","TEXAS","MEASLES",144,1.59,1957,9.11272754310918,279,0,0,"no"
34,"TX","TEXAS","MEASLES",136,1.5,1957,9.11272754310918,280,0,0,"no"
36,"TX","TEXAS","MEASLES",89,0.98,1957,9.11272754310918,281,0,0,"no"
37,"TX","TEXAS","MEASLES",108,1.19,1957,9.11272754310918,282,0,0,"no"
38,"TX","TEXAS","MEASLES",92,1.01,1957,9.11272754310918,283,0,0,"no"
39,"TX","TEXAS","MEASLES",94,1.04,1957,9.11272754310918,284,0,0,"no"
40,"TX","TEXAS","MEASLES",90,0.99,1957,9.11272754310918,285,0,0,"no"
41,"TX","TEXAS","MEASLES",102,1.12,1957,9.11272754310918,286,0,0,"no"
42,"TX","TEXAS","MEASLES",81,0.89,1957,9.11272754310918,287,0,0,"no"
43,"TX","TEXAS","MEASLES",89,0.98,1957,9.11272754310918,288,0,0,"no"
46,"TX","TEXAS","MEASLES",88,0.97,1957,9.11272754310918,289,0,0,"no"
47,"TX","TEXAS","MEASLES",126,1.39,1957,9.11272754310918,290,0,0,"no"
48,"TX","TEXAS","MEASLES",142,1.57,1957,9.11272754310918,291,0,0,"no"
49,"TX","TEXAS","MEASLES",273,3.01,1957,9.11272754310918,292,0,0,"no"
50,"TX","TEXAS","MEASLES",211,2.33,1957,9.11272754310918,293,0,0,"no"
51,"TX","TEXAS","MEASLES",257,2.83,1957,9.11272754310918,294,0,0,"no"
52,"TX","TEXAS","MEASLES",207,2.28,1957,9.11272754310918,295,0,0,"no"
1,"TX","TEXAS","MEASLES",366,3.96,1958,9.13259502335133,296,0,0,"no"
2,"TX","TEXAS","MEASLES",390,4.22,1958,9.13259502335133,297,0,0,"no"
3,"TX","TEXAS","MEASLES",488,5.27,1958,9.13259502335133,298,0,0,"no"
4,"TX","TEXAS","MEASLES",737,7.97,1958,9.13259502335133,299,0,0,"no"
5,"TX","TEXAS","MEASLES",995,10.75,1958,9.13259502335133,300,0,0,"no"
6,"TX","TEXAS","MEASLES",1505,16.27,1958,9.13259502335133,301,0,0,"no"
7,"TX","TEXAS","MEASLES",1802,19.48,1958,9.13259502335133,302,0,0,"no"
8,"TX","TEXAS","MEASLES",1736,18.76,1958,9.13259502335133,303,0,0,"no"
10,"TX","TEXAS","MEASLES",4097,44.28,1958,9.13259502335133,304,0,0,"no"
11,"TX","TEXAS","MEASLES",3944,42.63,1958,9.13259502335133,305,0,0,"no"
12,"TX","TEXAS","MEASLES",6114,66.08,1958,9.13259502335133,306,0,0,"no"
13,"TX","TEXAS","MEASLES",5807,62.76,1958,9.13259502335133,307,0,0,"no"
14,"TX","TEXAS","MEASLES",5787,62.55,1958,9.13259502335133,308,0,0,"no"
15,"TX","TEXAS","MEASLES",6369,68.84,1958,9.13259502335133,309,0,0,"no"
16,"TX","TEXAS","MEASLES",5515,59.61,1958,9.13259502335133,310,0,0,"no"
17,"TX","TEXAS","MEASLES",5434,58.73,1958,9.13259502335133,311,0,0,"no"
18,"TX","TEXAS","MEASLES",6795,73.44,1958,9.13259502335133,312,0,0,"no"
19,"TX","TEXAS","MEASLES",4946,53.46,1958,9.13259502335133,313,0,0,"no"
20,"TX","TEXAS","MEASLES",4031,43.57,1958,9.13259502335133,314,0,0,"no"
21,"TX","TEXAS","MEASLES",3687,39.85,1958,9.13259502335133,315,0,0,"no"
22,"TX","TEXAS","MEASLES",2019,21.82,1958,9.13259502335133,316,0,0,"no"
23,"TX","TEXAS","MEASLES",2353,25.43,1958,9.13259502335133,317,0,0,"no"
24,"TX","TEXAS","MEASLES",1477,15.96,1958,9.13259502335133,318,0,0,"no"
26,"TX","TEXAS","MEASLES",836,9.04,1958,9.13259502335133,319,0,0,"no"
27,"TX","TEXAS","MEASLES",347,3.75,1958,9.13259502335133,320,0,0,"no"
28,"TX","TEXAS","MEASLES",523,5.65,1958,9.13259502335133,321,0,0,"no"
29,"TX","TEXAS","MEASLES",469,5.07,1958,9.13259502335133,322,0,0,"no"
30,"TX","TEXAS","MEASLES",394,4.26,1958,9.13259502335133,323,0,0,"no"
31,"TX","TEXAS","MEASLES",270,2.92,1958,9.13259502335133,324,0,0,"no"
32,"TX","TEXAS","MEASLES",235,2.54,1958,9.13259502335133,325,0,0,"no"
33,"TX","TEXAS","MEASLES",172,1.86,1958,9.13259502335133,326,0,0,"no"
34,"TX","TEXAS","MEASLES",124,1.34,1958,9.13259502335133,327,0,0,"no"
35,"TX","TEXAS","MEASLES",145,1.57,1958,9.13259502335133,328,0,0,"no"
36,"TX","TEXAS","MEASLES",136,1.47,1958,9.13259502335133,329,0,0,"no"
37,"TX","TEXAS","MEASLES",108,1.17,1958,9.13259502335133,330,0,0,"no"
38,"TX","TEXAS","MEASLES",77,0.83,1958,9.13259502335133,331,0,0,"no"
39,"TX","TEXAS","MEASLES",105,1.13,1958,9.13259502335133,332,0,0,"no"
40,"TX","TEXAS","MEASLES",95,1.03,1958,9.13259502335133,333,0,0,"no"
41,"TX","TEXAS","MEASLES",157,1.7,1958,9.13259502335133,334,0,0,"no"
42,"TX","TEXAS","MEASLES",131,1.42,1958,9.13259502335133,335,0,0,"no"
43,"TX","TEXAS","MEASLES",134,1.45,1958,9.13259502335133,336,0,0,"no"
44,"TX","TEXAS","MEASLES",134,1.45,1958,9.13259502335133,337,0,0,"no"
45,"TX","TEXAS","MEASLES",97,1.05,1958,9.13259502335133,338,0,0,"no"
46,"TX","TEXAS","MEASLES",130,1.41,1958,9.13259502335133,339,0,0,"no"
47,"TX","TEXAS","MEASLES",192,2.08,1958,9.13259502335133,340,0,0,"no"
48,"TX","TEXAS","MEASLES",101,1.09,1958,9.13259502335133,341,0,0,"no"
49,"TX","TEXAS","MEASLES",178,1.92,1958,9.13259502335133,342,0,0,"no"
50,"TX","TEXAS","MEASLES",199,2.15,1958,9.13259502335133,343,0,0,"no"
51,"TX","TEXAS","MEASLES",303,3.27,1958,9.13259502335133,344,0,0,"no"
52,"TX","TEXAS","MEASLES",113,1.22,1958,9.13259502335133,345,0,0,"no"
1,"TX","TEXAS","MEASLES",566,6.02,1959,9.14899674173513,346,0,0,"no"
2,"TX","TEXAS","MEASLES",454,4.83,1959,9.14899674173513,347,0,0,"no"
3,"TX","TEXAS","MEASLES",597,6.35,1959,9.14899674173513,348,0,0,"no"
4,"TX","TEXAS","MEASLES",710,7.55,1959,9.14899674173513,349,0,0,"no"
5,"TX","TEXAS","MEASLES",780,8.29,1959,9.14899674173513,350,0,0,"no"
6,"TX","TEXAS","MEASLES",846,9,1959,9.14899674173513,351,0,0,"no"
7,"TX","TEXAS","MEASLES",788,8.38,1959,9.14899674173513,352,0,0,"no"
8,"TX","TEXAS","MEASLES",1138,12.1,1959,9.14899674173513,353,0,0,"no"
9,"TX","TEXAS","MEASLES",1376,14.63,1959,9.14899674173513,354,0,0,"no"
10,"TX","TEXAS","MEASLES",1542,16.4,1959,9.14899674173513,355,0,0,"no"
11,"TX","TEXAS","MEASLES",1545,16.43,1959,9.14899674173513,356,0,0,"no"
12,"TX","TEXAS","MEASLES",1369,14.56,1959,9.14899674173513,357,0,0,"no"
13,"TX","TEXAS","MEASLES",1681,17.87,1959,9.14899674173513,358,0,0,"no"
14,"TX","TEXAS","MEASLES",1506,16.01,1959,9.14899674173513,359,0,0,"no"
15,"TX","TEXAS","MEASLES",829,8.81,1959,9.14899674173513,360,0,0,"no"
17,"TX","TEXAS","MEASLES",1880,19.99,1959,9.14899674173513,361,0,0,"no"
18,"TX","TEXAS","MEASLES",1879,19.98,1959,9.14899674173513,362,0,0,"no"
19,"TX","TEXAS","MEASLES",1339,14.24,1959,9.14899674173513,363,0,0,"no"
20,"TX","TEXAS","MEASLES",1405,14.94,1959,9.14899674173513,364,0,0,"no"
21,"TX","TEXAS","MEASLES",1006,10.7,1959,9.14899674173513,365,0,0,"no"
22,"TX","TEXAS","MEASLES",942,10.02,1959,9.14899674173513,366,0,0,"no"
23,"TX","TEXAS","MEASLES",808,8.59,1959,9.14899674173513,367,0,0,"no"
24,"TX","TEXAS","MEASLES",791,8.41,1959,9.14899674173513,368,0,0,"no"
25,"TX","TEXAS","MEASLES",569,6.05,1959,9.14899674173513,369,0,0,"no"
26,"TX","TEXAS","MEASLES",389,4.14,1959,9.14899674173513,370,0,0,"no"
27,"TX","TEXAS","MEASLES",423,4.5,1959,9.14899674173513,371,0,0,"no"
28,"TX","TEXAS","MEASLES",414,4.4,1959,9.14899674173513,372,0,0,"no"
29,"TX","TEXAS","MEASLES",316,3.36,1959,9.14899674173513,373,0,0,"no"
30,"TX","TEXAS","MEASLES",351,3.73,1959,9.14899674173513,374,0,0,"no"
31,"TX","TEXAS","MEASLES",258,2.74,1959,9.14899674173513,375,0,0,"no"
33,"TX","TEXAS","MEASLES",180,1.91,1959,9.14899674173513,376,0,0,"no"
34,"TX","TEXAS","MEASLES",121,1.29,1959,9.14899674173513,377,0,0,"no"
36,"TX","TEXAS","MEASLES",118,1.25,1959,9.14899674173513,378,0,0,"no"
37,"TX","TEXAS","MEASLES",143,1.52,1959,9.14899674173513,379,0,0,"no"
38,"TX","TEXAS","MEASLES",159,1.69,1959,9.14899674173513,380,0,0,"no"
39,"TX","TEXAS","MEASLES",155,1.65,1959,9.14899674173513,381,0,0,"no"
40,"TX","TEXAS","MEASLES",115,1.22,1959,9.14899674173513,382,0,0,"no"
41,"TX","TEXAS","MEASLES",138,1.47,1959,9.14899674173513,383,0,0,"no"
42,"TX","TEXAS","MEASLES",172,1.83,1959,9.14899674173513,384,0,0,"no"
43,"TX","TEXAS","MEASLES",195,2.07,1959,9.14899674173513,385,0,0,"no"
44,"TX","TEXAS","MEASLES",190,2.02,1959,9.14899674173513,386,0,0,"no"
45,"TX","TEXAS","MEASLES",318,3.38,1959,9.14899674173513,387,0,0,"no"
46,"TX","TEXAS","MEASLES",434,4.61,1959,9.14899674173513,388,0,0,"no"
47,"TX","TEXAS","MEASLES",309,3.29,1959,9.14899674173513,389,0,0,"no"
48,"TX","TEXAS","MEASLES",648,6.89,1959,9.14899674173513,390,0,0,"no"
49,"TX","TEXAS","MEASLES",707,7.52,1959,9.14899674173513,391,0,0,"no"
50,"TX","TEXAS","MEASLES",672,7.15,1959,9.14899674173513,392,0,0,"no"
51,"TX","TEXAS","MEASLES",646,6.87,1959,9.14899674173513,393,0,0,"no"
1,"TX","TEXAS","MEASLES",1540,16,1960,9.17201525765451,394,0,0,"no"
2,"TX","TEXAS","MEASLES",1357,14.1,1960,9.17201525765451,395,0,0,"no"
3,"TX","TEXAS","MEASLES",1591,16.53,1960,9.17201525765451,396,0,0,"no"
4,"TX","TEXAS","MEASLES",1540,16,1960,9.17201525765451,397,0,0,"no"
5,"TX","TEXAS","MEASLES",1662,17.27,1960,9.17201525765451,398,0,0,"no"
6,"TX","TEXAS","MEASLES",1465,15.22,1960,9.17201525765451,399,0,0,"no"
7,"TX","TEXAS","MEASLES",1664,17.29,1960,9.17201525765451,400,0,0,"no"
8,"TX","TEXAS","MEASLES",2171,22.56,1960,9.17201525765451,401,0,0,"no"
9,"TX","TEXAS","MEASLES",2505,26.03,1960,9.17201525765451,402,0,0,"no"
10,"TX","TEXAS","MEASLES",2412,25.06,1960,9.17201525765451,403,0,0,"no"
11,"TX","TEXAS","MEASLES",2839,29.5,1960,9.17201525765451,404,0,0,"no"
12,"TX","TEXAS","MEASLES",2680,27.85,1960,9.17201525765451,405,0,0,"no"
13,"TX","TEXAS","MEASLES",2757,28.65,1960,9.17201525765451,406,0,0,"no"
14,"TX","TEXAS","MEASLES",2543,26.42,1960,9.17201525765451,407,0,0,"no"
15,"TX","TEXAS","MEASLES",2413,25.07,1960,9.17201525765451,408,0,0,"no"
16,"TX","TEXAS","MEASLES",2132,22.15,1960,9.17201525765451,409,0,0,"no"
17,"TX","TEXAS","MEASLES",2208,22.94,1960,9.17201525765451,410,0,0,"no"
18,"TX","TEXAS","MEASLES",2223,23.1,1960,9.17201525765451,411,0,0,"no"
19,"TX","TEXAS","MEASLES",1722,17.89,1960,9.17201525765451,412,0,0,"no"
20,"TX","TEXAS","MEASLES",1693,17.59,1960,9.17201525765451,413,0,0,"no"
21,"TX","TEXAS","MEASLES",1528,15.88,1960,9.17201525765451,414,0,0,"no"
22,"TX","TEXAS","MEASLES",1096,11.39,1960,9.17201525765451,415,0,0,"no"
23,"TX","TEXAS","MEASLES",1171,12.17,1960,9.17201525765451,416,0,0,"no"
24,"TX","TEXAS","MEASLES",755,7.84,1960,9.17201525765451,417,0,0,"no"
25,"TX","TEXAS","MEASLES",684,7.11,1960,9.17201525765451,418,0,0,"no"
26,"TX","TEXAS","MEASLES",459,4.77,1960,9.17201525765451,419,0,0,"no"
27,"TX","TEXAS","MEASLES",278,2.89,1960,9.17201525765451,420,0,0,"no"
28,"TX","TEXAS","MEASLES",323,3.36,1960,9.17201525765451,421,0,0,"no"
29,"TX","TEXAS","MEASLES",228,2.37,1960,9.17201525765451,422,0,0,"no"
30,"TX","TEXAS","MEASLES",144,1.5,1960,9.17201525765451,423,0,0,"no"
31,"TX","TEXAS","MEASLES",145,1.51,1960,9.17201525765451,424,0,0,"no"
32,"TX","TEXAS","MEASLES",145,1.51,1960,9.17201525765451,425,0,0,"no"
33,"TX","TEXAS","MEASLES",127,1.32,1960,9.17201525765451,426,0,0,"no"
34,"TX","TEXAS","MEASLES",85,0.88,1960,9.17201525765451,427,0,0,"no"
35,"TX","TEXAS","MEASLES",105,1.09,1960,9.17201525765451,428,0,0,"no"
36,"TX","TEXAS","MEASLES",57,0.59,1960,9.17201525765451,429,0,0,"no"
37,"TX","TEXAS","MEASLES",73,0.76,1960,9.17201525765451,430,0,0,"no"
38,"TX","TEXAS","MEASLES",67,0.7,1960,9.17201525765451,431,0,0,"no"
39,"TX","TEXAS","MEASLES",46,0.48,1960,9.17201525765451,432,0,0,"no"
40,"TX","TEXAS","MEASLES",62,0.64,1960,9.17201525765451,433,0,0,"no"
41,"TX","TEXAS","MEASLES",63,0.65,1960,9.17201525765451,434,0,0,"no"
42,"TX","TEXAS","MEASLES",74,0.77,1960,9.17201525765451,435,0,0,"no"
43,"TX","TEXAS","MEASLES",57,0.59,1960,9.17201525765451,436,0,0,"no"
44,"TX","TEXAS","MEASLES",69,0.72,1960,9.17201525765451,437,0,0,"no"
45,"TX","TEXAS","MEASLES",115,1.19,1960,9.17201525765451,438,0,0,"no"
46,"TX","TEXAS","MEASLES",88,0.91,1960,9.17201525765451,439,0,0,"no"
47,"TX","TEXAS","MEASLES",72,0.75,1960,9.17201525765451,440,0,0,"no"
48,"TX","TEXAS","MEASLES",167,1.74,1960,9.17201525765451,441,0,0,"no"
49,"TX","TEXAS","MEASLES",94,0.98,1960,9.17201525765451,442,0,0,"no"
50,"TX","TEXAS","MEASLES",5,0.05,1960,9.17201525765451,443,0,0,"no"
51,"TX","TEXAS","MEASLES",74,0.77,1960,9.17201525765451,444,0,0,"no"
52,"TX","TEXAS","MEASLES",105,1.09,1960,9.17201525765451,445,0,0,"no"
1,"TX","TEXAS","MEASLES",174,1.77,1961,9.19217640134851,446,0,0,"no"
2,"TX","TEXAS","MEASLES",188,1.91,1961,9.19217640134851,447,0,0,"no"
3,"TX","TEXAS","MEASLES",259,2.64,1961,9.19217640134851,448,0,0,"no"
4,"TX","TEXAS","MEASLES",278,2.83,1961,9.19217640134851,449,0,0,"no"
5,"TX","TEXAS","MEASLES",280,2.85,1961,9.19217640134851,450,0,0,"no"
6,"TX","TEXAS","MEASLES",263,2.68,1961,9.19217640134851,451,0,0,"no"
7,"TX","TEXAS","MEASLES",305,3.11,1961,9.19217640134851,452,0,0,"no"
8,"TX","TEXAS","MEASLES",381,3.88,1961,9.19217640134851,453,0,0,"no"
9,"TX","TEXAS","MEASLES",345,3.51,1961,9.19217640134851,454,0,0,"no"
10,"TX","TEXAS","MEASLES",439,4.47,1961,9.19217640134851,455,0,0,"no"
11,"TX","TEXAS","MEASLES",500,5.09,1961,9.19217640134851,456,0,0,"no"
12,"TX","TEXAS","MEASLES",564,5.74,1961,9.19217640134851,457,0,0,"no"
13,"TX","TEXAS","MEASLES",465,4.74,1961,9.19217640134851,458,0,0,"no"
14,"TX","TEXAS","MEASLES",525,5.35,1961,9.19217640134851,459,0,0,"no"
16,"TX","TEXAS","MEASLES",643,6.55,1961,9.19217640134851,460,0,0,"no"
17,"TX","TEXAS","MEASLES",1001,10.19,1961,9.19217640134851,461,0,0,"no"
18,"TX","TEXAS","MEASLES",914,9.31,1961,9.19217640134851,462,0,0,"no"
19,"TX","TEXAS","MEASLES",847,8.63,1961,9.19217640134851,463,0,0,"no"
20,"TX","TEXAS","MEASLES",756,7.7,1961,9.19217640134851,464,0,0,"no"
21,"TX","TEXAS","MEASLES",625,6.36,1961,9.19217640134851,465,0,0,"no"
22,"TX","TEXAS","MEASLES",585,5.96,1961,9.19217640134851,466,0,0,"no"
23,"TX","TEXAS","MEASLES",490,4.99,1961,9.19217640134851,467,0,0,"no"
24,"TX","TEXAS","MEASLES",429,4.37,1961,9.19217640134851,468,0,0,"no"
25,"TX","TEXAS","MEASLES",381,3.88,1961,9.19217640134851,469,0,0,"no"
26,"TX","TEXAS","MEASLES",312,3.18,1961,9.19217640134851,470,0,0,"no"
27,"TX","TEXAS","MEASLES",228,2.32,1961,9.19217640134851,471,0,0,"no"
28,"TX","TEXAS","MEASLES",163,1.66,1961,9.19217640134851,472,0,0,"no"
29,"TX","TEXAS","MEASLES",110,1.12,1961,9.19217640134851,473,0,0,"no"
30,"TX","TEXAS","MEASLES",174,1.77,1961,9.19217640134851,474,0,0,"no"
31,"TX","TEXAS","MEASLES",140,1.43,1961,9.19217640134851,475,0,0,"no"
32,"TX","TEXAS","MEASLES",142,1.45,1961,9.19217640134851,476,0,0,"no"
33,"TX","TEXAS","MEASLES",115,1.17,1961,9.19217640134851,477,0,0,"no"
34,"TX","TEXAS","MEASLES",63,0.64,1961,9.19217640134851,478,0,0,"no"
35,"TX","TEXAS","MEASLES",101,1.03,1961,9.19217640134851,479,0,0,"no"
36,"TX","TEXAS","MEASLES",88,0.9,1961,9.19217640134851,480,0,0,"no"
37,"TX","TEXAS","MEASLES",79,0.8,1961,9.19217640134851,481,0,0,"no"
38,"TX","TEXAS","MEASLES",79,0.8,1961,9.19217640134851,482,0,0,"no"
39,"TX","TEXAS","MEASLES",103,1.05,1961,9.19217640134851,483,0,0,"no"
40,"TX","TEXAS","MEASLES",126,1.28,1961,9.19217640134851,484,0,0,"no"
41,"TX","TEXAS","MEASLES",85,0.87,1961,9.19217640134851,485,0,0,"no"
42,"TX","TEXAS","MEASLES",150,1.53,1961,9.19217640134851,486,0,0,"no"
43,"TX","TEXAS","MEASLES",157,1.6,1961,9.19217640134851,487,0,0,"no"
44,"TX","TEXAS","MEASLES",176,1.79,1961,9.19217640134851,488,0,0,"no"
45,"TX","TEXAS","MEASLES",155,1.58,1961,9.19217640134851,489,0,0,"no"
46,"TX","TEXAS","MEASLES",201,2.05,1961,9.19217640134851,490,0,0,"no"
47,"TX","TEXAS","MEASLES",124,1.26,1961,9.19217640134851,491,0,0,"no"
48,"TX","TEXAS","MEASLES",287,2.92,1961,9.19217640134851,492,0,0,"no"
49,"TX","TEXAS","MEASLES",278,2.83,1961,9.19217640134851,493,0,0,"no"
50,"TX","TEXAS","MEASLES",312,3.18,1961,9.19217640134851,494,0,0,"no"
51,"TX","TEXAS","MEASLES",129,1.31,1961,9.19217640134851,495,0,0,"no"
52,"TX","TEXAS","MEASLES",397,4.04,1961,9.19217640134851,496,0,0,"no"
1,"TX","TEXAS","MEASLES",933,9.28,1962,9.21562637640542,497,0,0,"no"
2,"TX","TEXAS","MEASLES",761,7.57,1962,9.21562637640542,498,0,0,"no"
3,"TX","TEXAS","MEASLES",1105,10.99,1962,9.21562637640542,499,0,0,"no"
4,"TX","TEXAS","MEASLES",1702,16.93,1962,9.21562637640542,500,0,0,"no"
5,"TX","TEXAS","MEASLES",1741,17.32,1962,9.21562637640542,501,0,0,"no"
6,"TX","TEXAS","MEASLES",2913,28.98,1962,9.21562637640542,502,0,0,"no"
7,"TX","TEXAS","MEASLES",3131,31.14,1962,9.21562637640542,503,0,0,"no"
8,"TX","TEXAS","MEASLES",2643,26.29,1962,9.21562637640542,504,0,0,"no"
9,"TX","TEXAS","MEASLES",2982,29.66,1962,9.21562637640542,505,0,0,"no"
10,"TX","TEXAS","MEASLES",2970,29.54,1962,9.21562637640542,506,0,0,"no"
11,"TX","TEXAS","MEASLES",3165,31.48,1962,9.21562637640542,507,0,0,"no"
12,"TX","TEXAS","MEASLES",4176,41.54,1962,9.21562637640542,508,0,0,"no"
13,"TX","TEXAS","MEASLES",4316,42.93,1962,9.21562637640542,509,0,0,"no"
14,"TX","TEXAS","MEASLES",3805,37.85,1962,9.21562637640542,510,0,0,"no"
15,"TX","TEXAS","MEASLES",4684,46.59,1962,9.21562637640542,511,0,0,"no"
16,"TX","TEXAS","MEASLES",3874,38.54,1962,9.21562637640542,512,0,0,"no"
17,"TX","TEXAS","MEASLES",3916,38.95,1962,9.21562637640542,513,0,0,"no"
18,"TX","TEXAS","MEASLES",3531,35.12,1962,9.21562637640542,514,0,0,"no"
19,"TX","TEXAS","MEASLES",2748,27.34,1962,9.21562637640542,515,0,0,"no"
20,"TX","TEXAS","MEASLES",2106,20.95,1962,9.21562637640542,516,0,0,"no"
21,"TX","TEXAS","MEASLES",2085,20.74,1962,9.21562637640542,517,0,0,"no"
22,"TX","TEXAS","MEASLES",1397,13.9,1962,9.21562637640542,518,0,0,"no"
23,"TX","TEXAS","MEASLES",1077,10.71,1962,9.21562637640542,519,0,0,"no"
24,"TX","TEXAS","MEASLES",926,9.21,1962,9.21562637640542,520,0,0,"no"
25,"TX","TEXAS","MEASLES",638,6.35,1962,9.21562637640542,521,0,0,"no"
26,"TX","TEXAS","MEASLES",528,5.25,1962,9.21562637640542,522,0,0,"no"
27,"TX","TEXAS","MEASLES",472,4.7,1962,9.21562637640542,523,0,0,"no"
28,"TX","TEXAS","MEASLES",260,2.59,1962,9.21562637640542,524,0,0,"no"
29,"TX","TEXAS","MEASLES",203,2.02,1962,9.21562637640542,525,0,0,"no"
30,"TX","TEXAS","MEASLES",195,1.94,1962,9.21562637640542,526,0,0,"no"
31,"TX","TEXAS","MEASLES",105,1.04,1962,9.21562637640542,527,0,0,"no"
32,"TX","TEXAS","MEASLES",123,1.22,1962,9.21562637640542,528,0,0,"no"
33,"TX","TEXAS","MEASLES",115,1.14,1962,9.21562637640542,529,0,0,"no"
34,"TX","TEXAS","MEASLES",124,1.23,1962,9.21562637640542,530,0,0,"no"
35,"TX","TEXAS","MEASLES",84,0.84,1962,9.21562637640542,531,0,0,"no"
36,"TX","TEXAS","MEASLES",90,0.9,1962,9.21562637640542,532,0,0,"no"
37,"TX","TEXAS","MEASLES",102,1.01,1962,9.21562637640542,533,0,0,"no"
38,"TX","TEXAS","MEASLES",58,0.58,1962,9.21562637640542,534,0,0,"no"
39,"TX","TEXAS","MEASLES",95,0.94,1962,9.21562637640542,535,0,0,"no"
40,"TX","TEXAS","MEASLES",70,0.7,1962,9.21562637640542,536,0,0,"no"
41,"TX","TEXAS","MEASLES",55,0.55,1962,9.21562637640542,537,0,0,"no"
42,"TX","TEXAS","MEASLES",96,0.95,1962,9.21562637640542,538,0,0,"no"
43,"TX","TEXAS","MEASLES",87,0.87,1962,9.21562637640542,539,0,0,"no"
44,"TX","TEXAS","MEASLES",63,0.63,1962,9.21562637640542,540,0,0,"no"
45,"TX","TEXAS","MEASLES",41,0.41,1962,9.21562637640542,541,0,0,"no"
46,"TX","TEXAS","MEASLES",61,0.61,1962,9.21562637640542,542,0,0,"no"
47,"TX","TEXAS","MEASLES",43,0.43,1962,9.21562637640542,543,0,0,"no"
48,"TX","TEXAS","MEASLES",110,1.09,1962,9.21562637640542,544,0,0,"no"
49,"TX","TEXAS","MEASLES",88,0.88,1962,9.21562637640542,545,0,0,"no"
50,"TX","TEXAS","MEASLES",123,1.22,1962,9.21562637640542,546,0,0,"no"
51,"TX","TEXAS","MEASLES",102,1.01,1962,9.21562637640542,547,0,0,"no"
52,"TX","TEXAS","MEASLES",97,0.96,1962,9.21562637640542,548,0,0,"no"
1,"TX","TEXAS","MEASLES",191,1.88,1963,9.22611529109155,549,1,0,"yes"
3,"TX","TEXAS","MEASLES",213,2.1,1963,9.22611529109155,550,1,0,"yes"
4,"TX","TEXAS","MEASLES",360,3.54,1963,9.22611529109155,551,1,0,"yes"
5,"TX","TEXAS","MEASLES",460,4.53,1963,9.22611529109155,552,1,0,"yes"
6,"TX","TEXAS","MEASLES",562,5.53,1963,9.22611529109155,553,1,0,"yes"
7,"TX","TEXAS","MEASLES",737,7.25,1963,9.22611529109155,554,1,0,"yes"
8,"TX","TEXAS","MEASLES",828,8.15,1963,9.22611529109155,555,1,0,"yes"
10,"TX","TEXAS","MEASLES",995,9.79,1963,9.22611529109155,556,1,0,"yes"
11,"TX","TEXAS","MEASLES",859,8.46,1963,9.22611529109155,557,1,0,"yes"
13,"TX","TEXAS","MEASLES",887,8.73,1963,9.22611529109155,558,1,0,"yes"
14,"TX","TEXAS","MEASLES",1163,11.45,1963,9.22611529109155,559,1,0,"yes"
15,"TX","TEXAS","MEASLES",1166,11.48,1963,9.22611529109155,560,1,0,"yes"
16,"TX","TEXAS","MEASLES",1034,10.18,1963,9.22611529109155,561,1,0,"yes"
17,"TX","TEXAS","MEASLES",1036,10.2,1963,9.22611529109155,562,1,0,"yes"
19,"TX","TEXAS","MEASLES",683,6.72,1963,9.22611529109155,563,1,0,"yes"
20,"TX","TEXAS","MEASLES",680,6.69,1963,9.22611529109155,564,1,0,"yes"
21,"TX","TEXAS","MEASLES",583,5.74,1963,9.22611529109155,565,1,0,"yes"
22,"TX","TEXAS","MEASLES",374,3.68,1963,9.22611529109155,566,1,0,"yes"
23,"TX","TEXAS","MEASLES",530,5.22,1963,9.22611529109155,567,1,0,"yes"
24,"TX","TEXAS","MEASLES",379,3.73,1963,9.22611529109155,568,1,0,"yes"
25,"TX","TEXAS","MEASLES",325,3.2,1963,9.22611529109155,569,1,0,"yes"
26,"TX","TEXAS","MEASLES",202,1.99,1963,9.22611529109155,570,1,0,"yes"
27,"TX","TEXAS","MEASLES",221,2.18,1963,9.22611529109155,571,1,0,"yes"
28,"TX","TEXAS","MEASLES",183,1.8,1963,9.22611529109155,572,1,0,"yes"
29,"TX","TEXAS","MEASLES",148,1.46,1963,9.22611529109155,573,1,0,"yes"
30,"TX","TEXAS","MEASLES",125,1.23,1963,9.22611529109155,574,1,0,"yes"
31,"TX","TEXAS","MEASLES",144,1.42,1963,9.22611529109155,575,1,0,"yes"
32,"TX","TEXAS","MEASLES",99,0.97,1963,9.22611529109155,576,1,0,"yes"
33,"TX","TEXAS","MEASLES",67,0.66,1963,9.22611529109155,577,1,0,"yes"
34,"TX","TEXAS","MEASLES",74,0.73,1963,9.22611529109155,578,1,0,"yes"
35,"TX","TEXAS","MEASLES",51,0.5,1963,9.22611529109155,579,1,0,"yes"
36,"TX","TEXAS","MEASLES",60,0.59,1963,9.22611529109155,580,1,0,"yes"
37,"TX","TEXAS","MEASLES",41,0.4,1963,9.22611529109155,581,1,0,"yes"
38,"TX","TEXAS","MEASLES",62,0.61,1963,9.22611529109155,582,1,0,"yes"
39,"TX","TEXAS","MEASLES",55,0.54,1963,9.22611529109155,583,1,0,"yes"
40,"TX","TEXAS","MEASLES",71,0.7,1963,9.22611529109155,584,1,0,"yes"
41,"TX","TEXAS","MEASLES",79,0.78,1963,9.22611529109155,585,1,0,"yes"
42,"TX","TEXAS","MEASLES",48,0.47,1963,9.22611529109155,586,1,0,"yes"
43,"TX","TEXAS","MEASLES",60,0.59,1963,9.22611529109155,587,1,0,"yes"
44,"TX","TEXAS","MEASLES",86,0.85,1963,9.22611529109155,588,1,0,"yes"
45,"TX","TEXAS","MEASLES",53,0.52,1963,9.22611529109155,589,1,0,"yes"
46,"TX","TEXAS","MEASLES",70,0.69,1963,9.22611529109155,590,1,0,"yes"
47,"TX","TEXAS","MEASLES",53,0.52,1963,9.22611529109155,591,1,0,"yes"
48,"TX","TEXAS","MEASLES",51,0.5,1963,9.22611529109155,592,1,0,"yes"
49,"TX","TEXAS","MEASLES",114,1.12,1963,9.22611529109155,593,1,0,"yes"
50,"TX","TEXAS","MEASLES",146,1.44,1963,9.22611529109155,594,1,0,"yes"
51,"TX","TEXAS","MEASLES",142,1.4,1963,9.22611529109155,595,1,0,"yes"
52,"TX","TEXAS","MEASLES",147,1.45,1963,9.22611529109155,596,1,0,"yes"
15,"TX","TEXAS","MEASLES",5651,55.02,1964,9.2369823029226,597,1,1,"yes"
16,"TX","TEXAS","MEASLES",5104,49.7,1964,9.2369823029226,598,1,1,"yes"
17,"TX","TEXAS","MEASLES",5998,58.4,1964,9.2369823029226,599,1,1,"yes"
19,"TX","TEXAS","MEASLES",4022,39.16,1964,9.2369823029226,600,1,1,"yes"
20,"TX","TEXAS","MEASLES",3608,35.13,1964,9.2369823029226,601,1,1,"yes"
21,"TX","TEXAS","MEASLES",3089,30.08,1964,9.2369823029226,602,1,1,"yes"
22,"TX","TEXAS","MEASLES",2325,22.64,1964,9.2369823029226,603,1,1,"yes"
23,"TX","TEXAS","MEASLES",2367,23.05,1964,9.2369823029226,604,1,1,"yes"
24,"TX","TEXAS","MEASLES",1365,13.29,1964,9.2369823029226,605,1,1,"yes"
25,"TX","TEXAS","MEASLES",880,8.57,1964,9.2369823029226,606,1,1,"yes"
26,"TX","TEXAS","MEASLES",850,8.28,1964,9.2369823029226,607,1,1,"yes"
27,"TX","TEXAS","MEASLES",374,3.64,1964,9.2369823029226,608,1,1,"yes"
28,"TX","TEXAS","MEASLES",457,4.45,1964,9.2369823029226,609,1,1,"yes"
29,"TX","TEXAS","MEASLES",302,2.94,1964,9.2369823029226,610,1,1,"yes"
30,"TX","TEXAS","MEASLES",246,2.4,1964,9.2369823029226,611,1,1,"yes"
31,"TX","TEXAS","MEASLES",224,2.18,1964,9.2369823029226,612,1,1,"yes"
32,"TX","TEXAS","MEASLES",143,1.39,1964,9.2369823029226,613,1,1,"yes"
33,"TX","TEXAS","MEASLES",117,1.14,1964,9.2369823029226,614,1,1,"yes"
34,"TX","TEXAS","MEASLES",122,1.19,1964,9.2369823029226,615,1,1,"yes"
35,"TX","TEXAS","MEASLES",86,0.84,1964,9.2369823029226,616,1,1,"yes"
36,"TX","TEXAS","MEASLES",66,0.64,1964,9.2369823029226,617,1,1,"yes"
37,"TX","TEXAS","MEASLES",67,0.65,1964,9.2369823029226,618,1,1,"yes"
38,"TX","TEXAS","MEASLES",66,0.64,1964,9.2369823029226,619,1,1,"yes"
39,"TX","TEXAS","MEASLES",66,0.64,1964,9.2369823029226,620,1,1,"yes"
40,"TX","TEXAS","MEASLES",45,0.44,1964,9.2369823029226,621,1,1,"yes"
41,"TX","TEXAS","MEASLES",41,0.4,1964,9.2369823029226,622,1,1,"yes"
42,"TX","TEXAS","MEASLES",89,0.87,1964,9.2369823029226,623,1,1,"yes"
43,"TX","TEXAS","MEASLES",98,0.95,1964,9.2369823029226,624,1,1,"yes"
44,"TX","TEXAS","MEASLES",98,0.95,1964,9.2369823029226,625,1,1,"yes"
45,"TX","TEXAS","MEASLES",156,1.52,1964,9.2369823029226,626,1,1,"yes"
46,"TX","TEXAS","MEASLES",140,1.36,1964,9.2369823029226,627,1,1,"yes"
47,"TX","TEXAS","MEASLES",186,1.81,1964,9.2369823029226,628,1,1,"yes"
48,"TX","TEXAS","MEASLES",169,1.65,1964,9.2369823029226,629,1,1,"yes"
49,"TX","TEXAS","MEASLES",191,1.86,1964,9.2369823029226,630,1,1,"yes"
50,"TX","TEXAS","MEASLES",220,2.14,1964,9.2369823029226,631,1,1,"yes"
51,"TX","TEXAS","MEASLES",196,1.91,1964,9.2369823029226,632,1,1,"yes"
52,"TX","TEXAS","MEASLES",129,1.26,1964,9.2369823029226,633,1,1,"yes"
1,"TX","TEXAS","MEASLES",485,4.67,1965,9.24744345992769,634,1,2,"yes"
2,"TX","TEXAS","MEASLES",359,3.46,1965,9.24744345992769,635,1,2,"yes"
3,"TX","TEXAS","MEASLES",639,6.16,1965,9.24744345992769,636,1,2,"yes"
4,"TX","TEXAS","MEASLES",590,5.69,1965,9.24744345992769,637,1,2,"yes"
5,"TX","TEXAS","MEASLES",904,8.71,1965,9.24744345992769,638,1,2,"yes"
6,"TX","TEXAS","MEASLES",992,9.56,1965,9.24744345992769,639,1,2,"yes"
7,"TX","TEXAS","MEASLES",1368,13.18,1965,9.24744345992769,640,1,2,"yes"
8,"TX","TEXAS","MEASLES",0,0,1965,9.24744345992769,641,1,2,"yes"
9,"TX","TEXAS","MEASLES",1788,17.23,1965,9.24744345992769,642,1,2,"yes"
10,"TX","TEXAS","MEASLES",1627,15.68,1965,9.24744345992769,643,1,2,"yes"
11,"TX","TEXAS","MEASLES",1866,17.98,1965,9.24744345992769,644,1,2,"yes"
12,"TX","TEXAS","MEASLES",1607,15.48,1965,9.24744345992769,645,1,2,"yes"
13,"TX","TEXAS","MEASLES",1846,17.79,1965,9.24744345992769,646,1,2,"yes"
14,"TX","TEXAS","MEASLES",1430,13.78,1965,9.24744345992769,647,1,2,"yes"
15,"TX","TEXAS","MEASLES",1927,18.57,1965,9.24744345992769,648,1,2,"yes"
16,"TX","TEXAS","MEASLES",1883,18.14,1965,9.24744345992769,649,1,2,"yes"
17,"TX","TEXAS","MEASLES",1557,15,1965,9.24744345992769,650,1,2,"yes"
18,"TX","TEXAS","MEASLES",1474,14.2,1965,9.24744345992769,651,1,2,"yes"
19,"TX","TEXAS","MEASLES",906,8.73,1965,9.24744345992769,652,1,2,"yes"
20,"TX","TEXAS","MEASLES",1006,9.69,1965,9.24744345992769,653,1,2,"yes"
21,"TX","TEXAS","MEASLES",647,6.23,1965,9.24744345992769,654,1,2,"yes"
22,"TX","TEXAS","MEASLES",841,8.1,1965,9.24744345992769,655,1,2,"yes"
23,"TX","TEXAS","MEASLES",523,5.04,1965,9.24744345992769,656,1,2,"yes"
24,"TX","TEXAS","MEASLES",392,3.78,1965,9.24744345992769,657,1,2,"yes"
25,"TX","TEXAS","MEASLES",268,2.58,1965,9.24744345992769,658,1,2,"yes"
26,"TX","TEXAS","MEASLES",223,2.15,1965,9.24744345992769,659,1,2,"yes"
27,"TX","TEXAS","MEASLES",237,2.28,1965,9.24744345992769,660,1,2,"yes"
28,"TX","TEXAS","MEASLES",104,1,1965,9.24744345992769,661,1,2,"yes"
29,"TX","TEXAS","MEASLES",149,1.44,1965,9.24744345992769,662,1,2,"yes"
30,"TX","TEXAS","MEASLES",108,1.04,1965,9.24744345992769,663,1,2,"yes"
31,"TX","TEXAS","MEASLES",84,0.81,1965,9.24744345992769,664,1,2,"yes"
32,"TX","TEXAS","MEASLES",91,0.88,1965,9.24744345992769,665,1,2,"yes"
33,"TX","TEXAS","MEASLES",96,0.93,1965,9.24744345992769,666,1,2,"yes"
34,"TX","TEXAS","MEASLES",80,0.77,1965,9.24744345992769,667,1,2,"yes"
35,"TX","TEXAS","MEASLES",58,0.56,1965,9.24744345992769,668,1,2,"yes"
36,"TX","TEXAS","MEASLES",75,0.72,1965,9.24744345992769,669,1,2,"yes"
37,"TX","TEXAS","MEASLES",71,0.68,1965,9.24744345992769,670,1,2,"yes"
38,"TX","TEXAS","MEASLES",67,0.65,1965,9.24744345992769,671,1,2,"yes"
39,"TX","TEXAS","MEASLES",71,0.68,1965,9.24744345992769,672,1,2,"yes"
40,"TX","TEXAS","MEASLES",64,0.62,1965,9.24744345992769,673,1,2,"yes"
41,"TX","TEXAS","MEASLES",73,0.7,1965,9.24744345992769,674,1,2,"yes"
42,"TX","TEXAS","MEASLES",58,0.56,1965,9.24744345992769,675,1,2,"yes"
43,"TX","TEXAS","MEASLES",73,0.7,1965,9.24744345992769,676,1,2,"yes"
44,"TX","TEXAS","MEASLES",74,0.71,1965,9.24744345992769,677,1,2,"yes"
45,"TX","TEXAS","MEASLES",71,0.68,1965,9.24744345992769,678,1,2,"yes"
46,"TX","TEXAS","MEASLES",84,0.81,1965,9.24744345992769,679,1,2,"yes"
47,"TX","TEXAS","MEASLES",62,0.6,1965,9.24744345992769,680,1,2,"yes"
48,"TX","TEXAS","MEASLES",142,1.37,1965,9.24744345992769,681,1,2,"yes"
49,"TX","TEXAS","MEASLES",126,1.21,1965,9.24744345992769,682,1,2,"yes"
50,"TX","TEXAS","MEASLES",87,0.84,1965,9.24744345992769,683,1,2,"yes"
51,"TX","TEXAS","MEASLES",70,0.67,1965,9.24744345992769,684,1,2,"yes"
52,"TX","TEXAS","MEASLES",86,0.83,1965,9.24744345992769,685,1,2,"yes"
1,"TX","TEXAS","MEASLES",236,2.25,1966,9.25836834098676,686,1,3,"yes"
2,"TX","TEXAS","MEASLES",227,2.16,1966,9.25836834098676,687,1,3,"yes"
3,"TX","TEXAS","MEASLES",299,2.85,1966,9.25836834098676,688,1,3,"yes"
4,"TX","TEXAS","MEASLES",305,2.91,1966,9.25836834098676,689,1,3,"yes"
5,"TX","TEXAS","MEASLES",530,5.05,1966,9.25836834098676,690,1,3,"yes"
6,"TX","TEXAS","MEASLES",566,5.39,1966,9.25836834098676,691,1,3,"yes"
7,"TX","TEXAS","MEASLES",534,5.09,1966,9.25836834098676,692,1,3,"yes"
8,"TX","TEXAS","MEASLES",762,7.26,1966,9.25836834098676,693,1,3,"yes"
9,"TX","TEXAS","MEASLES",879,8.38,1966,9.25836834098676,694,1,3,"yes"
10,"TX","TEXAS","MEASLES",1009,9.62,1966,9.25836834098676,695,1,3,"yes"
11,"TX","TEXAS","MEASLES",1229,11.71,1966,9.25836834098676,696,1,3,"yes"
12,"TX","TEXAS","MEASLES",1296,12.35,1966,9.25836834098676,697,1,3,"yes"
13,"TX","TEXAS","MEASLES",1496,14.26,1966,9.25836834098676,698,1,3,"yes"
14,"TX","TEXAS","MEASLES",1178,11.23,1966,9.25836834098676,699,1,3,"yes"
15,"TX","TEXAS","MEASLES",1288,12.28,1966,9.25836834098676,700,1,3,"yes"
16,"TX","TEXAS","MEASLES",1151,10.97,1966,9.25836834098676,701,1,3,"yes"
17,"TX","TEXAS","MEASLES",1171,11.16,1966,9.25836834098676,702,1,3,"yes"
18,"TX","TEXAS","MEASLES",1108,10.56,1966,9.25836834098676,703,1,3,"yes"
19,"TX","TEXAS","MEASLES",1120,10.67,1966,9.25836834098676,704,1,3,"yes"
20,"TX","TEXAS","MEASLES",1012,9.65,1966,9.25836834098676,705,1,3,"yes"
21,"TX","TEXAS","MEASLES",795,7.58,1966,9.25836834098676,706,1,3,"yes"
22,"TX","TEXAS","MEASLES",776,7.4,1966,9.25836834098676,707,1,3,"yes"
23,"TX","TEXAS","MEASLES",759,7.23,1966,9.25836834098676,708,1,3,"yes"
24,"TX","TEXAS","MEASLES",612,5.83,1966,9.25836834098676,709,1,3,"yes"
25,"TX","TEXAS","MEASLES",460,4.38,1966,9.25836834098676,710,1,3,"yes"
26,"TX","TEXAS","MEASLES",373,3.56,1966,9.25836834098676,711,1,3,"yes"
27,"TX","TEXAS","MEASLES",292,2.78,1966,9.25836834098676,712,1,3,"yes"
28,"TX","TEXAS","MEASLES",265,2.53,1966,9.25836834098676,713,1,3,"yes"
29,"TX","TEXAS","MEASLES",233,2.22,1966,9.25836834098676,714,1,3,"yes"
30,"TX","TEXAS","MEASLES",178,1.7,1966,9.25836834098676,715,1,3,"yes"
31,"TX","TEXAS","MEASLES",147,1.4,1966,9.25836834098676,716,1,3,"yes"
32,"TX","TEXAS","MEASLES",119,1.13,1966,9.25836834098676,717,1,3,"yes"
33,"TX","TEXAS","MEASLES",141,1.34,1966,9.25836834098676,718,1,3,"yes"
34,"TX","TEXAS","MEASLES",104,0.99,1966,9.25836834098676,719,1,3,"yes"
35,"TX","TEXAS","MEASLES",126,1.2,1966,9.25836834098676,720,1,3,"yes"
36,"TX","TEXAS","MEASLES",86,0.82,1966,9.25836834098676,721,1,3,"yes"
37,"TX","TEXAS","MEASLES",76,0.72,1966,9.25836834098676,722,1,3,"yes"
38,"TX","TEXAS","MEASLES",75,0.71,1966,9.25836834098676,723,1,3,"yes"
39,"TX","TEXAS","MEASLES",80,0.76,1966,9.25836834098676,724,1,3,"yes"
40,"TX","TEXAS","MEASLES",87,0.83,1966,9.25836834098676,725,1,3,"yes"
41,"TX","TEXAS","MEASLES",97,0.92,1966,9.25836834098676,726,1,3,"yes"
42,"TX","TEXAS","MEASLES",126,1.2,1966,9.25836834098676,727,1,3,"yes"
43,"TX","TEXAS","MEASLES",149,1.42,1966,9.25836834098676,728,1,3,"yes"
44,"TX","TEXAS","MEASLES",97,0.92,1966,9.25836834098676,729,1,3,"yes"
45,"TX","TEXAS","MEASLES",85,0.81,1966,9.25836834098676,730,1,3,"yes"
46,"TX","TEXAS","MEASLES",199,1.9,1966,9.25836834098676,731,1,3,"yes"
47,"TX","TEXAS","MEASLES",196,1.87,1966,9.25836834098676,732,1,3,"yes"
48,"TX","TEXAS","MEASLES",318,3.03,1966,9.25836834098676,733,1,3,"yes"
50,"TX","TEXAS","MEASLES",315,3,1966,9.25836834098676,734,1,3,"yes"
51,"TX","TEXAS","MEASLES",197,1.88,1966,9.25836834098676,735,1,3,"yes"
52,"TX","TEXAS","MEASLES",219,2.09,1966,9.25836834098676,736,1,3,"yes"
1,"TX","TEXAS","MEASLES",261,2.46,1967,9.26851493602726,737,1,4,"yes"
2,"TX","TEXAS","MEASLES",298,2.81,1967,9.26851493602726,738,1,4,"yes"
3,"TX","TEXAS","MEASLES",322,3.04,1967,9.26851493602726,739,1,4,"yes"
4,"TX","TEXAS","MEASLES",300,2.83,1967,9.26851493602726,740,1,4,"yes"
5,"TX","TEXAS","MEASLES",395,3.73,1967,9.26851493602726,741,1,4,"yes"
6,"TX","TEXAS","MEASLES",457,4.31,1967,9.26851493602726,742,1,4,"yes"
7,"TX","TEXAS","MEASLES",462,4.36,1967,9.26851493602726,743,1,4,"yes"
8,"TX","TEXAS","MEASLES",504,4.76,1967,9.26851493602726,744,1,4,"yes"
9,"TX","TEXAS","MEASLES",755,7.12,1967,9.26851493602726,745,1,4,"yes"
10,"TX","TEXAS","MEASLES",668,6.3,1967,9.26851493602726,746,1,4,"yes"
11,"TX","TEXAS","MEASLES",693,6.54,1967,9.26851493602726,747,1,4,"yes"
12,"TX","TEXAS","MEASLES",857,8.09,1967,9.26851493602726,748,1,4,"yes"
13,"TX","TEXAS","MEASLES",771,7.27,1967,9.26851493602726,749,1,4,"yes"
14,"TX","TEXAS","MEASLES",730,6.89,1967,9.26851493602726,750,1,4,"yes"
15,"TX","TEXAS","MEASLES",649,6.12,1967,9.26851493602726,751,1,4,"yes"
16,"TX","TEXAS","MEASLES",395,3.73,1967,9.26851493602726,752,1,4,"yes"
17,"TX","TEXAS","MEASLES",591,5.58,1967,9.26851493602726,753,1,4,"yes"
18,"TX","TEXAS","MEASLES",569,5.37,1967,9.26851493602726,754,1,4,"yes"
19,"TX","TEXAS","MEASLES",378,3.57,1967,9.26851493602726,755,1,4,"yes"
20,"TX","TEXAS","MEASLES",355,3.35,1967,9.26851493602726,756,1,4,"yes"
21,"TX","TEXAS","MEASLES",418,3.94,1967,9.26851493602726,757,1,4,"yes"
22,"TX","TEXAS","MEASLES",321,3.03,1967,9.26851493602726,758,1,4,"yes"
23,"TX","TEXAS","MEASLES",260,2.45,1967,9.26851493602726,759,1,4,"yes"
24,"TX","TEXAS","MEASLES",177,1.67,1967,9.26851493602726,760,1,4,"yes"
25,"TX","TEXAS","MEASLES",121,1.14,1967,9.26851493602726,761,1,4,"yes"
26,"TX","TEXAS","MEASLES",114,1.08,1967,9.26851493602726,762,1,4,"yes"
27,"TX","TEXAS","MEASLES",112,1.06,1967,9.26851493602726,763,1,4,"yes"
28,"TX","TEXAS","MEASLES",81,0.76,1967,9.26851493602726,764,1,4,"yes"
29,"TX","TEXAS","MEASLES",66,0.62,1967,9.26851493602726,765,1,4,"yes"
30,"TX","TEXAS","MEASLES",33,0.31,1967,9.26851493602726,766,1,4,"yes"
31,"TX","TEXAS","MEASLES",57,0.54,1967,9.26851493602726,767,1,4,"yes"
32,"TX","TEXAS","MEASLES",52,0.49,1967,9.26851493602726,768,1,4,"yes"
33,"TX","TEXAS","MEASLES",53,0.5,1967,9.26851493602726,769,1,4,"yes"
34,"TX","TEXAS","MEASLES",34,0.32,1967,9.26851493602726,770,1,4,"yes"
35,"TX","TEXAS","MEASLES",67,0.63,1967,9.26851493602726,771,1,4,"yes"
36,"TX","TEXAS","MEASLES",50,0.47,1967,9.26851493602726,772,1,4,"yes"
37,"TX","TEXAS","MEASLES",56,0.53,1967,9.26851493602726,773,1,4,"yes"
38,"TX","TEXAS","MEASLES",47,0.44,1967,9.26851493602726,774,1,4,"yes"
39,"TX","TEXAS","MEASLES",30,0.28,1967,9.26851493602726,775,1,4,"yes"
40,"TX","TEXAS","MEASLES",69,0.65,1967,9.26851493602726,776,1,4,"yes"
41,"TX","TEXAS","MEASLES",74,0.7,1967,9.26851493602726,777,1,4,"yes"
42,"TX","TEXAS","MEASLES",55,0.52,1967,9.26851493602726,778,1,4,"yes"
43,"TX","TEXAS","MEASLES",69,0.65,1967,9.26851493602726,779,1,4,"yes"
44,"TX","TEXAS","MEASLES",62,0.58,1967,9.26851493602726,780,1,4,"yes"
45,"TX","TEXAS","MEASLES",53,0.5,1967,9.26851493602726,781,1,4,"yes"
46,"TX","TEXAS","MEASLES",53,0.5,1967,9.26851493602726,782,1,4,"yes"
47,"TX","TEXAS","MEASLES",57,0.54,1967,9.26851493602726,783,1,4,"yes"
48,"TX","TEXAS","MEASLES",41,0.39,1967,9.26851493602726,784,1,4,"yes"
49,"TX","TEXAS","MEASLES",73,0.69,1967,9.26851493602726,785,1,4,"yes"
50,"TX","TEXAS","MEASLES",48,0.45,1967,9.26851493602726,786,1,4,"yes"
51,"TX","TEXAS","MEASLES",0,0,1967,9.26851493602726,787,1,4,"yes"
52,"TX","TEXAS","MEASLES",70,0.66,1967,9.26851493602726,788,1,4,"yes"
1,"TX","TEXAS","MEASLES",46,0.43,1968,9.28905912668757,789,1,5,"yes"
2,"TX","TEXAS","MEASLES",57,0.53,1968,9.28905912668757,790,1,5,"yes"
3,"TX","TEXAS","MEASLES",103,0.95,1968,9.28905912668757,791,1,5,"yes"
4,"TX","TEXAS","MEASLES",116,1.07,1968,9.28905912668757,792,1,5,"yes"
5,"TX","TEXAS","MEASLES",95,0.88,1968,9.28905912668757,793,1,5,"yes"
6,"TX","TEXAS","MEASLES",231,2.14,1968,9.28905912668757,794,1,5,"yes"
7,"TX","TEXAS","MEASLES",133,1.23,1968,9.28905912668757,795,1,5,"yes"
8,"TX","TEXAS","MEASLES",134,1.24,1968,9.28905912668757,796,1,5,"yes"
9,"TX","TEXAS","MEASLES",188,1.74,1968,9.28905912668757,797,1,5,"yes"
10,"TX","TEXAS","MEASLES",201,1.86,1968,9.28905912668757,798,1,5,"yes"
11,"TX","TEXAS","MEASLES",158,1.46,1968,9.28905912668757,799,1,5,"yes"
12,"TX","TEXAS","MEASLES",233,2.15,1968,9.28905912668757,800,1,5,"yes"
13,"TX","TEXAS","MEASLES",187,1.73,1968,9.28905912668757,801,1,5,"yes"
14,"TX","TEXAS","MEASLES",293,2.71,1968,9.28905912668757,802,1,5,"yes"
15,"TX","TEXAS","MEASLES",217,2.01,1968,9.28905912668757,803,1,5,"yes"
16,"TX","TEXAS","MEASLES",262,2.42,1968,9.28905912668757,804,1,5,"yes"
17,"TX","TEXAS","MEASLES",279,2.58,1968,9.28905912668757,805,1,5,"yes"
18,"TX","TEXAS","MEASLES",189,1.75,1968,9.28905912668757,806,1,5,"yes"
19,"TX","TEXAS","MEASLES",198,1.83,1968,9.28905912668757,807,1,5,"yes"
20,"TX","TEXAS","MEASLES",295,2.73,1968,9.28905912668757,808,1,5,"yes"
21,"TX","TEXAS","MEASLES",173,1.6,1968,9.28905912668757,809,1,5,"yes"
22,"TX","TEXAS","MEASLES",160,1.48,1968,9.28905912668757,810,1,5,"yes"
23,"TX","TEXAS","MEASLES",105,0.97,1968,9.28905912668757,811,1,5,"yes"
24,"TX","TEXAS","MEASLES",81,0.75,1968,9.28905912668757,812,1,5,"yes"
25,"TX","TEXAS","MEASLES",79,0.73,1968,9.28905912668757,813,1,5,"yes"
26,"TX","TEXAS","MEASLES",73,0.67,1968,9.28905912668757,814,1,5,"yes"
27,"TX","TEXAS","MEASLES",41,0.38,1968,9.28905912668757,815,1,5,"yes"
28,"TX","TEXAS","MEASLES",38,0.35,1968,9.28905912668757,816,1,5,"yes"
29,"TX","TEXAS","MEASLES",58,0.54,1968,9.28905912668757,817,1,5,"yes"
30,"TX","TEXAS","MEASLES",39,0.36,1968,9.28905912668757,818,1,5,"yes"
31,"TX","TEXAS","MEASLES",28,0.26,1968,9.28905912668757,819,1,5,"yes"
32,"TX","TEXAS","MEASLES",28,0.26,1968,9.28905912668757,820,1,5,"yes"
33,"TX","TEXAS","MEASLES",45,0.42,1968,9.28905912668757,821,1,5,"yes"
34,"TX","TEXAS","MEASLES",0,0,1968,9.28905912668757,822,1,5,"yes"
35,"TX","TEXAS","MEASLES",23,0.21,1968,9.28905912668757,823,1,5,"yes"
36,"TX","TEXAS","MEASLES",21,0.19,1968,9.28905912668757,824,1,5,"yes"
37,"TX","TEXAS","MEASLES",21,0.19,1968,9.28905912668757,825,1,5,"yes"
38,"TX","TEXAS","MEASLES",21,0.19,1968,9.28905912668757,826,1,5,"yes"
39,"TX","TEXAS","MEASLES",19,0.18,1968,9.28905912668757,827,1,5,"yes"
40,"TX","TEXAS","MEASLES",17,0.16,1968,9.28905912668757,828,1,5,"yes"
41,"TX","TEXAS","MEASLES",23,0.21,1968,9.28905912668757,829,1,5,"yes"
42,"TX","TEXAS","MEASLES",29,0.27,1968,9.28905912668757,830,1,5,"yes"
43,"TX","TEXAS","MEASLES",24,0.22,1968,9.28905912668757,831,1,5,"yes"
44,"TX","TEXAS","MEASLES",47,0.43,1968,9.28905912668757,832,1,5,"yes"
45,"TX","TEXAS","MEASLES",48,0.44,1968,9.28905912668757,833,1,5,"yes"
46,"TX","TEXAS","MEASLES",65,0.6,1968,9.28905912668757,834,1,5,"yes"
47,"TX","TEXAS","MEASLES",24,0.22,1968,9.28905912668757,835,1,5,"yes"
48,"TX","TEXAS","MEASLES",25,0.23,1968,9.28905912668757,836,1,5,"yes"
49,"TX","TEXAS","MEASLES",67,0.62,1968,9.28905912668757,837,1,5,"yes"
50,"TX","TEXAS","MEASLES",44,0.41,1968,9.28905912668757,838,1,5,"yes"
51,"TX","TEXAS","MEASLES",0,0,1968,9.28905912668757,839,1,5,"yes"
52,"TX","TEXAS","MEASLES",65,0.6,1968,9.28905912668757,840,1,5,"yes"
1,"TX","TEXAS","MEASLES",36,0.33,1969,9.30973311585422,841,1,6,"yes"
2,"TX","TEXAS","MEASLES",47,0.43,1969,9.30973311585422,842,1,6,"yes"
3,"TX","TEXAS","MEASLES",60,0.54,1969,9.30973311585422,843,1,6,"yes"
4,"TX","TEXAS","MEASLES",121,1.1,1969,9.30973311585422,844,1,6,"yes"
5,"TX","TEXAS","MEASLES",143,1.29,1969,9.30973311585422,845,1,6,"yes"
6,"TX","TEXAS","MEASLES",107,0.97,1969,9.30973311585422,846,1,6,"yes"
7,"TX","TEXAS","MEASLES",128,1.16,1969,9.30973311585422,847,1,6,"yes"
8,"TX","TEXAS","MEASLES",90,0.81,1969,9.30973311585422,848,1,6,"yes"
9,"TX","TEXAS","MEASLES",223,2.02,1969,9.30973311585422,849,1,6,"yes"
10,"TX","TEXAS","MEASLES",173,1.57,1969,9.30973311585422,850,1,6,"yes"
12,"TX","TEXAS","MEASLES",241,2.18,1969,9.30973311585422,851,1,6,"yes"
13,"TX","TEXAS","MEASLES",200,1.81,1969,9.30973311585422,852,1,6,"yes"
14,"TX","TEXAS","MEASLES",131,1.19,1969,9.30973311585422,853,1,6,"yes"
15,"TX","TEXAS","MEASLES",194,1.76,1969,9.30973311585422,854,1,6,"yes"
16,"TX","TEXAS","MEASLES",208,1.88,1969,9.30973311585422,855,1,6,"yes"
17,"TX","TEXAS","MEASLES",185,1.67,1969,9.30973311585422,856,1,6,"yes"
18,"TX","TEXAS","MEASLES",223,2.02,1969,9.30973311585422,857,1,6,"yes"
19,"TX","TEXAS","MEASLES",194,1.76,1969,9.30973311585422,858,1,6,"yes"
20,"TX","TEXAS","MEASLES",219,1.98,1969,9.30973311585422,859,1,6,"yes"
21,"TX","TEXAS","MEASLES",209,1.89,1969,9.30973311585422,860,1,6,"yes"
22,"TX","TEXAS","MEASLES",113,1.02,1969,9.30973311585422,861,1,6,"yes"
23,"TX","TEXAS","MEASLES",202,1.83,1969,9.30973311585422,862,1,6,"yes"
24,"TX","TEXAS","MEASLES",111,1,1969,9.30973311585422,863,1,6,"yes"
25,"TX","TEXAS","MEASLES",121,1.1,1969,9.30973311585422,864,1,6,"yes"
26,"TX","TEXAS","MEASLES",88,0.8,1969,9.30973311585422,865,1,6,"yes"
27,"TX","TEXAS","MEASLES",60,0.54,1969,9.30973311585422,866,1,6,"yes"
28,"TX","TEXAS","MEASLES",57,0.52,1969,9.30973311585422,867,1,6,"yes"
29,"TX","TEXAS","MEASLES",88,0.8,1969,9.30973311585422,868,1,6,"yes"
30,"TX","TEXAS","MEASLES",60,0.54,1969,9.30973311585422,869,1,6,"yes"
31,"TX","TEXAS","MEASLES",47,0.43,1969,9.30973311585422,870,1,6,"yes"
32,"TX","TEXAS","MEASLES",20,0.18,1969,9.30973311585422,871,1,6,"yes"
33,"TX","TEXAS","MEASLES",33,0.3,1969,9.30973311585422,872,1,6,"yes"
34,"TX","TEXAS","MEASLES",36,0.33,1969,9.30973311585422,873,1,6,"yes"
35,"TX","TEXAS","MEASLES",30,0.27,1969,9.30973311585422,874,1,6,"yes"
36,"TX","TEXAS","MEASLES",40,0.36,1969,9.30973311585422,875,1,6,"yes"
37,"TX","TEXAS","MEASLES",31,0.28,1969,9.30973311585422,876,1,6,"yes"
38,"TX","TEXAS","MEASLES",30,0.27,1969,9.30973311585422,877,1,6,"yes"
39,"TX","TEXAS","MEASLES",37,0.33,1969,9.30973311585422,878,1,6,"yes"
40,"TX","TEXAS","MEASLES",33,0.3,1969,9.30973311585422,879,1,6,"yes"
41,"TX","TEXAS","MEASLES",48,0.43,1969,9.30973311585422,880,1,6,"yes"
42,"TX","TEXAS","MEASLES",28,0.25,1969,9.30973311585422,881,1,6,"yes"
43,"TX","TEXAS","MEASLES",14,0.13,1969,9.30973311585422,882,1,6,"yes"
44,"TX","TEXAS","MEASLES",51,0.46,1969,9.30973311585422,883,1,6,"yes"
45,"TX","TEXAS","MEASLES",42,0.38,1969,9.30973311585422,884,1,6,"yes"
46,"TX","TEXAS","MEASLES",61,0.55,1969,9.30973311585422,885,1,6,"yes"
47,"TX","TEXAS","MEASLES",49,0.44,1969,9.30973311585422,886,1,6,"yes"
48,"TX","TEXAS","MEASLES",67,0.61,1969,9.30973311585422,887,1,6,"yes"
49,"TX","TEXAS","MEASLES",60,0.54,1969,9.30973311585422,888,1,6,"yes"
50,"TX","TEXAS","MEASLES",64,0.58,1969,9.30973311585422,889,1,6,"yes"
51,"TX","TEXAS","MEASLES",72,0.65,1969,9.30973311585422,890,1,6,"yes"
52,"TX","TEXAS","MEASLES",32,0.29,1969,9.30973311585422,891,1,6,"yes"
1,"TX","TEXAS","MEASLES",134,1.16,1970,9.32354896078618,892,1,7,"yes"
2,"TX","TEXAS","MEASLES",142,1.23,1970,9.32354896078618,893,1,7,"yes"
3,"TX","TEXAS","MEASLES",196,1.7,1970,9.32354896078618,894,1,7,"yes"
4,"TX","TEXAS","MEASLES",169,1.47,1970,9.32354896078618,895,1,7,"yes"
5,"TX","TEXAS","MEASLES",225,1.95,1970,9.32354896078618,896,1,7,"yes"
6,"TX","TEXAS","MEASLES",230,2,1970,9.32354896078618,897,1,7,"yes"
7,"TX","TEXAS","MEASLES",217,1.89,1970,9.32354896078618,898,1,7,"yes"
8,"TX","TEXAS","MEASLES",355,3.08,1970,9.32354896078618,899,1,7,"yes"
9,"TX","TEXAS","MEASLES",243,2.11,1970,9.32354896078618,900,1,7,"yes"
10,"TX","TEXAS","MEASLES",366,3.18,1970,9.32354896078618,901,1,7,"yes"
11,"TX","TEXAS","MEASLES",569,4.94,1970,9.32354896078618,902,1,7,"yes"
12,"TX","TEXAS","MEASLES",310,2.69,1970,9.32354896078618,903,1,7,"yes"
13,"TX","TEXAS","MEASLES",289,2.51,1970,9.32354896078618,904,1,7,"yes"
14,"TX","TEXAS","MEASLES",324,2.81,1970,9.32354896078618,905,1,7,"yes"
15,"TX","TEXAS","MEASLES",438,3.81,1970,9.32354896078618,906,1,7,"yes"
16,"TX","TEXAS","MEASLES",397,3.45,1970,9.32354896078618,907,1,7,"yes"
17,"TX","TEXAS","MEASLES",390,3.39,1970,9.32354896078618,908,1,7,"yes"
18,"TX","TEXAS","MEASLES",331,2.88,1970,9.32354896078618,909,1,7,"yes"
19,"TX","TEXAS","MEASLES",331,2.88,1970,9.32354896078618,910,1,7,"yes"
20,"TX","TEXAS","MEASLES",255,2.22,1970,9.32354896078618,911,1,7,"yes"
21,"TX","TEXAS","MEASLES",191,1.66,1970,9.32354896078618,912,1,7,"yes"
22,"TX","TEXAS","MEASLES",189,1.64,1970,9.32354896078618,913,1,7,"yes"
23,"TX","TEXAS","MEASLES",131,1.14,1970,9.32354896078618,914,1,7,"yes"
24,"TX","TEXAS","MEASLES",92,0.8,1970,9.32354896078618,915,1,7,"yes"
25,"TX","TEXAS","MEASLES",0,0,1970,9.32354896078618,916,1,7,"yes"
26,"TX","TEXAS","MEASLES",45,0.39,1970,9.32354896078618,917,1,7,"yes"
27,"TX","TEXAS","MEASLES",91,0.79,1970,9.32354896078618,918,1,7,"yes"
28,"TX","TEXAS","MEASLES",54,0.47,1970,9.32354896078618,919,1,7,"yes"
29,"TX","TEXAS","MEASLES",46,0.4,1970,9.32354896078618,920,1,7,"yes"
30,"TX","TEXAS","MEASLES",35,0.3,1970,9.32354896078618,921,1,7,"yes"
31,"TX","TEXAS","MEASLES",33,0.29,1970,9.32354896078618,922,1,7,"yes"
32,"TX","TEXAS","MEASLES",31,0.27,1970,9.32354896078618,923,1,7,"yes"
33,"TX","TEXAS","MEASLES",38,0.33,1970,9.32354896078618,924,1,7,"yes"
34,"TX","TEXAS","MEASLES",33,0.29,1970,9.32354896078618,925,1,7,"yes"
35,"TX","TEXAS","MEASLES",18,0.16,1970,9.32354896078618,926,1,7,"yes"
36,"TX","TEXAS","MEASLES",29,0.25,1970,9.32354896078618,927,1,7,"yes"
37,"TX","TEXAS","MEASLES",23,0.2,1970,9.32354896078618,928,1,7,"yes"
38,"TX","TEXAS","MEASLES",15,0.13,1970,9.32354896078618,929,1,7,"yes"
39,"TX","TEXAS","MEASLES",24,0.21,1970,9.32354896078618,930,1,7,"yes"
40,"TX","TEXAS","MEASLES",25,0.22,1970,9.32354896078618,931,1,7,"yes"
41,"TX","TEXAS","MEASLES",31,0.27,1970,9.32354896078618,932,1,7,"yes"
42,"TX","TEXAS","MEASLES",27,0.23,1970,9.32354896078618,933,1,7,"yes"
43,"TX","TEXAS","MEASLES",319,2.77,1970,9.32354896078618,934,1,7,"yes"
45,"TX","TEXAS","MEASLES",39,0.34,1970,9.32354896078618,935,1,7,"yes"
46,"TX","TEXAS","MEASLES",57,0.5,1970,9.32354896078618,936,1,7,"yes"
47,"TX","TEXAS","MEASLES",115,1,1970,9.32354896078618,937,1,7,"yes"
48,"TX","TEXAS","MEASLES",160,1.39,1970,9.32354896078618,938,1,7,"yes"
49,"TX","TEXAS","MEASLES",101,0.88,1970,9.32354896078618,939,1,7,"yes"
50,"TX","TEXAS","MEASLES",152,1.32,1970,9.32354896078618,940,1,7,"yes"
51,"TX","TEXAS","MEASLES",205,1.78,1970,9.32354896078618,941,1,7,"yes"
52,"TX","TEXAS","MEASLES",67,0.58,1970,9.32354896078618,942,1,7,"yes"
1,"TX","TEXAS","MEASLES",184,1.56,1971,9.35095829572082,943,1,8,"yes"
2,"TX","TEXAS","MEASLES",220,1.87,1971,9.35095829572082,944,1,8,"yes"
3,"TX","TEXAS","MEASLES",197,1.68,1971,9.35095829572082,945,1,8,"yes"
4,"TX","TEXAS","MEASLES",224,1.9,1971,9.35095829572082,946,1,8,"yes"
5,"TX","TEXAS","MEASLES",224,1.9,1971,9.35095829572082,947,1,8,"yes"
6,"TX","TEXAS","MEASLES",228,1.94,1971,9.35095829572082,948,1,8,"yes"
7,"TX","TEXAS","MEASLES",534,4.54,1971,9.35095829572082,949,1,8,"yes"
9,"TX","TEXAS","MEASLES",464,3.95,1971,9.35095829572082,950,1,8,"yes"
10,"TX","TEXAS","MEASLES",688,5.85,1971,9.35095829572082,951,1,8,"yes"
11,"TX","TEXAS","MEASLES",520,4.42,1971,9.35095829572082,952,1,8,"yes"
12,"TX","TEXAS","MEASLES",631,5.37,1971,9.35095829572082,953,1,8,"yes"
13,"TX","TEXAS","MEASLES",332,2.82,1971,9.35095829572082,954,1,8,"yes"
14,"TX","TEXAS","MEASLES",454,3.86,1971,9.35095829572082,955,1,8,"yes"
15,"TX","TEXAS","MEASLES",564,4.8,1971,9.35095829572082,956,1,8,"yes"
16,"TX","TEXAS","MEASLES",341,2.9,1971,9.35095829572082,957,1,8,"yes"
17,"TX","TEXAS","MEASLES",517,4.4,1971,9.35095829572082,958,1,8,"yes"
18,"TX","TEXAS","MEASLES",442,3.76,1971,9.35095829572082,959,1,8,"yes"
19,"TX","TEXAS","MEASLES",349,2.97,1971,9.35095829572082,960,1,8,"yes"
20,"TX","TEXAS","MEASLES",327,2.78,1971,9.35095829572082,961,1,8,"yes"
21,"TX","TEXAS","MEASLES",49,0.42,1971,9.35095829572082,962,1,8,"yes"
22,"TX","TEXAS","MEASLES",402,3.42,1971,9.35095829572082,963,1,8,"yes"
23,"TX","TEXAS","MEASLES",188,1.6,1971,9.35095829572082,964,1,8,"yes"
24,"TX","TEXAS","MEASLES",206,1.75,1971,9.35095829572082,965,1,8,"yes"
25,"TX","TEXAS","MEASLES",70,0.6,1971,9.35095829572082,966,1,8,"yes"
26,"TX","TEXAS","MEASLES",98,0.83,1971,9.35095829572082,967,1,8,"yes"
27,"TX","TEXAS","MEASLES",67,0.57,1971,9.35095829572082,968,1,8,"yes"
28,"TX","TEXAS","MEASLES",83,0.71,1971,9.35095829572082,969,1,8,"yes"
29,"TX","TEXAS","MEASLES",27,0.23,1971,9.35095829572082,970,1,8,"yes"
30,"TX","TEXAS","MEASLES",33,0.28,1971,9.35095829572082,971,1,8,"yes"
31,"TX","TEXAS","MEASLES",23,0.2,1971,9.35095829572082,972,1,8,"yes"
32,"TX","TEXAS","MEASLES",22,0.19,1971,9.35095829572082,973,1,8,"yes"
33,"TX","TEXAS","MEASLES",28,0.24,1971,9.35095829572082,974,1,8,"yes"
34,"TX","TEXAS","MEASLES",18,0.15,1971,9.35095829572082,975,1,8,"yes"
35,"TX","TEXAS","MEASLES",43,0.37,1971,9.35095829572082,976,1,8,"yes"
36,"TX","TEXAS","MEASLES",18,0.15,1971,9.35095829572082,977,1,8,"yes"
37,"TX","TEXAS","MEASLES",25,0.21,1971,9.35095829572082,978,1,8,"yes"
38,"TX","TEXAS","MEASLES",19,0.16,1971,9.35095829572082,979,1,8,"yes"
39,"TX","TEXAS","MEASLES",20,0.17,1971,9.35095829572082,980,1,8,"yes"
40,"TX","TEXAS","MEASLES",27,0.23,1971,9.35095829572082,981,1,8,"yes"
41,"TX","TEXAS","MEASLES",14,0.12,1971,9.35095829572082,982,1,8,"yes"
42,"TX","TEXAS","MEASLES",24,0.2,1971,9.35095829572082,983,1,8,"yes"
43,"TX","TEXAS","MEASLES",25,0.21,1971,9.35095829572082,984,1,8,"yes"
44,"TX","TEXAS","MEASLES",25,0.21,1971,9.35095829572082,985,1,8,"yes"
45,"TX","TEXAS","MEASLES",11,0.09,1971,9.35095829572082,986,1,8,"yes"
46,"TX","TEXAS","MEASLES",15,0.13,1971,9.35095829572082,987,1,8,"yes"
47,"TX","TEXAS","MEASLES",14,0.12,1971,9.35095829572082,988,1,8,"yes"
48,"TX","TEXAS","MEASLES",9,0.08,1971,9.35095829572082,989,1,8,"yes"
49,"TX","TEXAS","MEASLES",23,0.2,1971,9.35095829572082,990,1,8,"yes"
50,"TX","TEXAS","MEASLES",23,0.2,1971,9.35095829572082,991,1,8,"yes"
51,"TX","TEXAS","MEASLES",4,0.03,1971,9.35095829572082,992,1,8,"yes"
52,"TX","TEXAS","MEASLES",8,0.07,1971,9.35095829572082,993,1,8,"yes"
